Date Time,Level_PT,Flow _PT
MM/dd/yyyy hh:mm:ss,in,cfs
04/22/2021 10:45:00,2.31,0.205
04/22/2021 10:50:00,2.33,0.207
04/22/2021 10:55:00,2.34,0.208
04/22/2021 11:00:00,2.30,0.204
04/22/2021 11:05:00,2.31,0.205
04/22/2021 11:10:00,2.31,0.205
04/22/2021 11:15:00,2.31,0.205
04/22/2021 11:20:00,2.33,0.207
04/22/2021 11:25:00,2.31,0.205
04/22/2021 11:30:00,2.33,0.207
04/22/2021 11:35:00,2.31,0.205
04/22/2021 11:40:00,2.32,0.206
04/22/2021 11:45:00,2.30,0.204
04/22/2021 11:50:00,2.31,0.205
04/22/2021 11:55:00,2.31,0.205
04/22/2021 12:00:00,2.33,0.207
04/22/2021 12:05:00,2.31,0.205
04/22/2021 12:10:00,2.33,0.207
04/22/2021 12:15:00,2.34,0.208
04/22/2021 12:20:00,2.31,0.205
04/22/2021 12:25:00,2.33,0.207
04/22/2021 12:30:00,2.32,0.206
04/22/2021 12:35:00,2.34,0.208
04/22/2021 12:40:00,2.30,0.204
04/22/2021 12:45:00,2.32,0.206
04/22/2021 12:50:00,2.28,0.202
04/22/2021 12:55:00,2.33,0.207
04/22/2021 13:00:00,2.32,0.206
04/22/2021 13:05:00,2.32,0.206
04/22/2021 13:10:00,2.32,0.206
04/22/2021 13:15:00,2.31,0.205
04/22/2021 13:20:00,2.31,0.205
04/22/2021 13:25:00,2.30,0.204
04/22/2021 13:30:00,2.30,0.204
04/22/2021 13:35:00,2.33,0.207
04/22/2021 13:40:00,2.33,0.207
04/22/2021 13:45:00,2.32,0.206
04/22/2021 13:50:00,2.34,0.208
04/22/2021 13:55:00,2.33,0.207
04/22/2021 14:00:00,2.33,0.207
04/22/2021 14:05:00,2.28,0.202
04/22/2021 14:10:00,2.31,0.205
04/22/2021 14:15:00,2.30,0.204
04/22/2021 14:20:00,2.30,0.204
04/22/2021 14:25:00,2.33,0.207
04/22/2021 14:30:00,2.32,0.206
04/22/2021 14:35:00,2.30,0.204
04/22/2021 14:40:00,2.29,0.203
04/22/2021 14:45:00,2.34,0.208
04/22/2021 14:50:00,2.33,0.207
04/22/2021 14:55:00,2.33,0.207
04/22/2021 15:00:00,2.32,0.206
04/22/2021 15:05:00,2.31,0.205
04/22/2021 15:10:00,2.34,0.208
04/22/2021 15:15:00,2.32,0.206
04/22/2021 15:20:00,2.31,0.205
04/22/2021 15:25:00,2.36,0.209
04/22/2021 15:30:00,2.35,0.209
04/22/2021 15:35:00,2.34,0.208
04/22/2021 15:40:00,2.34,0.208
04/22/2021 15:45:00,2.36,0.209
04/22/2021 15:50:00,2.34,0.208
04/22/2021 15:55:00,2.33,0.207
04/22/2021 16:00:00,2.33,0.207
04/22/2021 16:05:00,2.34,0.208
04/22/2021 16:10:00,2.37,0.210
04/22/2021 16:15:00,2.34,0.208
04/22/2021 16:20:00,2.34,0.208
04/22/2021 16:25:00,2.31,0.205
04/22/2021 16:30:00,2.35,0.209
04/22/2021 16:35:00,2.33,0.207
04/22/2021 16:40:00,2.35,0.209
04/22/2021 16:45:00,2.36,0.209
04/22/2021 16:50:00,2.34,0.208
04/22/2021 16:55:00,2.33,0.207
04/22/2021 17:00:00,2.33,0.207
04/22/2021 17:05:00,2.34,0.208
04/22/2021 17:10:00,2.35,0.209
04/22/2021 17:15:00,2.36,0.209
04/22/2021 17:20:00,2.34,0.208
04/22/2021 17:25:00,2.34,0.208
04/22/2021 17:30:00,2.34,0.208
04/22/2021 17:35:00,2.34,0.208
04/22/2021 17:40:00,2.36,0.209
04/22/2021 17:45:00,2.36,0.209
04/22/2021 17:50:00,2.35,0.209
04/22/2021 17:55:00,2.38,0.211
04/22/2021 18:00:00,2.35,0.209
04/22/2021 18:05:00,2.37,0.210
04/22/2021 18:10:00,2.35,0.209
04/22/2021 18:15:00,2.35,0.209
04/22/2021 18:20:00,2.37,0.210
04/22/2021 18:25:00,2.37,0.210
04/22/2021 18:30:00,2.35,0.209
04/22/2021 18:35:00,2.36,0.209
04/22/2021 18:40:00,2.38,0.211
04/22/2021 18:45:00,2.36,0.209
04/22/2021 18:50:00,2.34,0.208
04/22/2021 18:55:00,2.34,0.208
04/22/2021 19:00:00,2.34,0.208
04/22/2021 19:05:00,2.34,0.208
04/22/2021 19:10:00,2.34,0.208
04/22/2021 19:15:00,2.34,0.208
04/22/2021 19:20:00,2.37,0.210
04/22/2021 19:25:00,2.33,0.207
04/22/2021 19:30:00,2.36,0.209
04/22/2021 19:35:00,2.33,0.207
04/22/2021 19:40:00,2.39,0.212
04/22/2021 19:45:00,2.37,0.210
04/22/2021 19:50:00,2.34,0.208
04/22/2021 19:55:00,2.36,0.209
04/22/2021 20:00:00,2.36,0.209
04/22/2021 20:05:00,2.38,0.211
04/22/2021 20:10:00,2.39,0.212
04/22/2021 20:15:00,2.39,0.212
04/22/2021 20:20:00,2.39,0.212
04/22/2021 20:25:00,2.37,0.210
04/22/2021 20:30:00,2.36,0.209
04/22/2021 20:35:00,2.38,0.211
04/22/2021 20:40:00,2.36,0.209
04/22/2021 20:45:00,2.34,0.208
04/22/2021 20:50:00,2.39,0.212
04/22/2021 20:55:00,2.35,0.209
04/22/2021 21:00:00,2.36,0.209
04/22/2021 21:05:00,2.38,0.211
04/22/2021 21:10:00,2.38,0.211
04/22/2021 21:15:00,2.36,0.209
04/22/2021 21:20:00,2.38,0.211
04/22/2021 21:25:00,2.34,0.208
04/22/2021 21:30:00,2.38,0.211
04/22/2021 21:35:00,2.35,0.209
04/22/2021 21:40:00,2.34,0.208
04/22/2021 21:45:00,2.36,0.209
04/22/2021 21:50:00,2.37,0.210
04/22/2021 21:55:00,2.40,0.213
04/22/2021 22:00:00,2.38,0.211
04/22/2021 22:05:00,2.37,0.210
04/22/2021 22:10:00,2.37,0.210
04/22/2021 22:15:00,2.36,0.209
04/22/2021 22:20:00,2.39,0.212
04/22/2021 22:25:00,2.38,0.211
04/22/2021 22:30:00,2.38,0.211
04/22/2021 22:35:00,2.40,0.213
04/22/2021 22:40:00,2.39,0.212
04/22/2021 22:45:00,2.39,0.212
04/22/2021 22:50:00,2.39,0.212
04/22/2021 22:55:00,2.38,0.211
04/22/2021 23:00:00,2.36,0.209
04/22/2021 23:05:00,2.38,0.211
04/22/2021 23:10:00,2.41,0.214
04/22/2021 23:15:00,2.38,0.211
04/22/2021 23:20:00,2.40,0.213
04/22/2021 23:25:00,2.40,0.213
04/22/2021 23:30:00,2.41,0.214
04/22/2021 23:35:00,2.39,0.212
04/22/2021 23:40:00,2.40,0.213
04/22/2021 23:45:00,2.37,0.210
04/22/2021 23:50:00,2.40,0.213
04/22/2021 23:55:00,2.40,0.213
04/23/2021 00:00:00,2.38,0.211
04/23/2021 00:05:00,2.40,0.213
04/23/2021 00:10:00,2.40,0.213
04/23/2021 00:15:00,2.37,0.210
04/23/2021 00:20:00,2.39,0.212
04/23/2021 00:25:00,2.37,0.210
04/23/2021 00:30:00,2.36,0.209
04/23/2021 00:35:00,2.42,0.215
04/23/2021 00:40:00,2.38,0.211
04/23/2021 00:45:00,2.39,0.212
04/23/2021 00:50:00,2.39,0.212
04/23/2021 00:55:00,2.38,0.211
04/23/2021 01:00:00,2.40,0.213
04/23/2021 01:05:00,2.39,0.212
04/23/2021 01:10:00,2.40,0.213
04/23/2021 01:15:00,2.40,0.213
04/23/2021 01:20:00,2.40,0.213
04/23/2021 01:25:00,2.36,0.209
04/23/2021 01:30:00,2.39,0.212
04/23/2021 01:35:00,2.38,0.211
04/23/2021 01:40:00,2.40,0.213
04/23/2021 01:45:00,2.37,0.210
04/23/2021 01:50:00,2.41,0.214
04/23/2021 01:55:00,2.40,0.213
04/23/2021 02:00:00,2.40,0.213
04/23/2021 02:05:00,2.42,0.215
04/23/2021 02:10:00,2.39,0.212
04/23/2021 02:15:00,2.40,0.213
04/23/2021 02:20:00,2.41,0.214
04/23/2021 02:25:00,2.40,0.213
04/23/2021 02:30:00,2.37,0.210
04/23/2021 02:35:00,2.39,0.212
04/23/2021 02:40:00,2.41,0.214
04/23/2021 02:45:00,2.39,0.212
04/23/2021 02:50:00,2.39,0.212
04/23/2021 02:55:00,2.42,0.215
04/23/2021 03:00:00,2.40,0.213
04/23/2021 03:05:00,2.40,0.213
04/23/2021 03:10:00,2.40,0.213
04/23/2021 03:15:00,2.41,0.214
04/23/2021 03:20:00,2.42,0.215
04/23/2021 03:25:00,2.37,0.210
04/23/2021 03:30:00,2.39,0.212
04/23/2021 03:35:00,2.40,0.213
04/23/2021 03:40:00,2.40,0.213
04/23/2021 03:45:00,2.40,0.213
04/23/2021 03:50:00,2.41,0.214
04/23/2021 03:55:00,2.42,0.215
04/23/2021 04:00:00,2.43,0.216
04/23/2021 04:05:00,2.39,0.212
04/23/2021 04:10:00,2.40,0.213
04/23/2021 04:15:00,2.40,0.213
04/23/2021 04:20:00,2.40,0.213
04/23/2021 04:25:00,2.41,0.214
04/23/2021 04:30:00,2.42,0.215
04/23/2021 04:35:00,2.44,0.217
04/23/2021 04:40:00,2.40,0.213
04/23/2021 04:45:00,2.40,0.213
04/23/2021 04:50:00,2.42,0.215
04/23/2021 04:55:00,2.42,0.215
04/23/2021 05:00:00,2.37,0.210
04/23/2021 05:05:00,2.40,0.213
04/23/2021 05:10:00,2.43,0.216
04/23/2021 05:15:00,2.39,0.212
04/23/2021 05:20:00,2.39,0.212
04/23/2021 05:25:00,2.39,0.212
04/23/2021 05:30:00,2.39,0.212
04/23/2021 05:35:00,2.42,0.215
04/23/2021 05:40:00,2.42,0.215
04/23/2021 05:45:00,2.38,0.211
04/23/2021 05:50:00,2.42,0.215
04/23/2021 05:55:00,2.40,0.213
04/23/2021 06:00:00,2.36,0.209
04/23/2021 06:05:00,2.42,0.215
04/23/2021 06:10:00,2.39,0.212
04/23/2021 06:15:00,2.40,0.213
04/23/2021 06:20:00,2.42,0.215
04/23/2021 06:25:00,2.40,0.213
04/23/2021 06:30:00,2.39,0.212
04/23/2021 06:35:00,2.39,0.212
04/23/2021 06:40:00,2.37,0.210
04/23/2021 06:45:00,2.39,0.212
04/23/2021 06:50:00,2.39,0.212
04/23/2021 06:55:00,2.42,0.215
04/23/2021 07:00:00,2.41,0.214
04/23/2021 07:05:00,2.42,0.215
04/23/2021 07:10:00,2.43,0.216
04/23/2021 07:15:00,2.41,0.214
04/23/2021 07:20:00,2.43,0.216
04/23/2021 07:25:00,2.45,0.218
04/23/2021 07:30:00,2.43,0.216
04/23/2021 07:35:00,2.43,0.216
04/23/2021 07:40:00,2.43,0.216
04/23/2021 07:45:00,2.43,0.216
04/23/2021 07:50:00,2.45,0.218
04/23/2021 07:55:00,2.43,0.216
04/23/2021 08:00:00,2.42,0.215
04/23/2021 08:05:00,2.43,0.216
04/23/2021 08:10:00,2.44,0.217
04/23/2021 08:15:00,2.42,0.215
04/23/2021 08:20:00,2.40,0.213
04/23/2021 08:25:00,2.44,0.217
04/23/2021 08:30:00,2.45,0.218
04/23/2021 08:35:00,2.43,0.216
04/23/2021 08:40:00,2.39,0.212
04/23/2021 08:45:00,2.43,0.216
04/23/2021 08:50:00,2.47,0.219
04/23/2021 08:55:00,2.41,0.214
04/23/2021 09:00:00,2.42,0.215
04/23/2021 09:05:00,2.40,0.213
04/23/2021 09:10:00,2.41,0.214
04/23/2021 09:15:00,2.43,0.216
04/23/2021 09:20:00,2.44,0.217
04/23/2021 09:25:00,2.46,0.218
04/23/2021 09:30:00,2.42,0.215
04/23/2021 09:35:00,2.42,0.215
04/23/2021 09:40:00,2.44,0.217
04/23/2021 09:45:00,2.42,0.215
04/23/2021 09:50:00,2.45,0.218
04/23/2021 09:55:00,2.43,0.216
04/23/2021 10:00:00,2.43,0.216
04/23/2021 10:05:00,2.41,0.214
04/23/2021 10:10:00,2.43,0.216
04/23/2021 10:15:00,2.41,0.214
04/23/2021 10:20:00,2.45,0.218
04/23/2021 10:25:00,2.42,0.215
04/23/2021 10:30:00,2.43,0.216
04/23/2021 10:35:00,2.44,0.217
04/23/2021 10:40:00,2.43,0.216
04/23/2021 10:45:00,2.42,0.215
04/23/2021 10:50:00,2.44,0.217
04/23/2021 10:55:00,2.45,0.218
04/23/2021 11:00:00,2.42,0.215
04/23/2021 11:05:00,2.42,0.215
04/23/2021 11:10:00,2.40,0.213
04/23/2021 11:15:00,2.43,0.216
04/23/2021 11:20:00,2.43,0.216
04/23/2021 11:25:00,2.42,0.215
04/23/2021 11:30:00,2.44,0.217
04/23/2021 11:35:00,2.45,0.218
04/23/2021 11:40:00,2.42,0.215
04/23/2021 11:45:00,2.43,0.216
04/23/2021 11:50:00,2.45,0.218
04/23/2021 11:55:00,2.42,0.215
04/23/2021 12:00:00,2.45,0.218
04/23/2021 12:05:00,2.40,0.213
04/23/2021 12:10:00,2.40,0.213
04/23/2021 12:15:00,2.40,0.213
04/23/2021 12:20:00,2.45,0.218
04/23/2021 12:25:00,2.43,0.216
04/23/2021 12:30:00,2.44,0.217
04/23/2021 12:35:00,2.43,0.216
04/23/2021 12:40:00,2.42,0.215
04/23/2021 12:45:00,2.45,0.218
04/23/2021 12:50:00,2.43,0.216
04/23/2021 12:55:00,2.45,0.218
04/23/2021 13:00:00,2.43,0.216
04/23/2021 13:05:00,2.43,0.216
04/23/2021 13:10:00,2.43,0.216
04/23/2021 13:15:00,2.43,0.216
04/23/2021 13:20:00,2.42,0.215
04/23/2021 13:25:00,2.42,0.215
04/23/2021 13:30:00,2.41,0.214
04/23/2021 13:35:00,2.42,0.215
04/23/2021 13:40:00,2.43,0.216
04/23/2021 13:45:00,2.44,0.217
04/23/2021 13:50:00,2.45,0.218
04/23/2021 13:55:00,2.46,0.218
04/23/2021 14:00:00,2.45,0.218
04/23/2021 14:05:00,2.46,0.218
04/23/2021 14:10:00,2.44,0.217
04/23/2021 14:15:00,2.44,0.217
04/23/2021 14:20:00,2.42,0.215
04/23/2021 14:25:00,2.42,0.215
04/23/2021 14:30:00,2.42,0.215
04/23/2021 14:35:00,2.42,0.215
04/23/2021 14:40:00,2.45,0.218
04/23/2021 14:45:00,2.44,0.217
04/23/2021 14:50:00,2.44,0.217
04/23/2021 14:55:00,2.43,0.216
04/23/2021 15:00:00,2.44,0.217
04/23/2021 15:05:00,2.43,0.216
04/23/2021 15:10:00,2.45,0.218
04/23/2021 15:15:00,2.45,0.218
04/23/2021 15:20:00,2.47,0.219
04/23/2021 15:25:00,2.45,0.218
04/23/2021 15:30:00,2.45,0.218
04/23/2021 15:35:00,2.44,0.217
04/23/2021 15:40:00,2.42,0.215
04/23/2021 15:45:00,2.43,0.216
04/23/2021 15:50:00,2.42,0.215
04/23/2021 15:55:00,2.42,0.215
04/23/2021 16:00:00,2.47,0.219
04/23/2021 16:05:00,2.43,0.216
04/23/2021 16:10:00,2.43,0.216
04/23/2021 16:15:00,2.47,0.219
04/23/2021 16:20:00,2.44,0.217
04/23/2021 16:25:00,2.43,0.216
04/23/2021 16:30:00,2.41,0.214
04/23/2021 16:35:00,2.44,0.217
04/23/2021 16:40:00,2.42,0.215
04/23/2021 16:45:00,2.45,0.218
04/23/2021 16:50:00,2.42,0.215
04/23/2021 16:55:00,2.44,0.217
04/23/2021 17:00:00,2.42,0.215
04/23/2021 17:05:00,2.43,0.216
04/23/2021 17:10:00,2.42,0.215
04/23/2021 17:15:00,2.45,0.218
04/23/2021 17:20:00,2.43,0.216
04/23/2021 17:25:00,2.45,0.218
04/23/2021 17:30:00,2.45,0.218
04/23/2021 17:35:00,2.45,0.218
04/23/2021 17:40:00,2.44,0.217
04/23/2021 17:45:00,2.41,0.214
04/23/2021 17:50:00,2.44,0.217
04/23/2021 17:55:00,2.43,0.216
04/23/2021 18:00:00,2.45,0.218
04/23/2021 18:05:00,2.47,0.219
04/23/2021 18:10:00,2.43,0.216
04/23/2021 18:15:00,2.45,0.218
04/23/2021 18:20:00,2.43,0.216
04/23/2021 18:25:00,2.48,0.220
04/23/2021 18:30:00,2.46,0.218
04/23/2021 18:35:00,2.44,0.217
04/23/2021 18:40:00,2.43,0.216
04/23/2021 18:45:00,2.45,0.218
04/23/2021 18:50:00,2.42,0.215
04/23/2021 18:55:00,2.45,0.218
04/23/2021 19:00:00,2.43,0.216
04/23/2021 19:05:00,2.45,0.218
04/23/2021 19:10:00,2.45,0.218
04/23/2021 19:15:00,2.45,0.218
04/23/2021 19:20:00,2.47,0.219
04/23/2021 19:25:00,2.45,0.218
04/23/2021 19:30:00,2.45,0.218
04/23/2021 19:35:00,2.43,0.216
04/23/2021 19:40:00,2.45,0.218
04/23/2021 19:45:00,2.45,0.218
04/23/2021 19:50:00,2.46,0.218
04/23/2021 19:55:00,2.45,0.218
04/23/2021 20:00:00,2.47,0.219
04/23/2021 20:05:00,2.44,0.217
04/23/2021 20:10:00,2.45,0.218
04/23/2021 20:15:00,2.45,0.218
04/23/2021 20:20:00,2.48,0.220
04/23/2021 20:25:00,2.47,0.219
04/23/2021 20:30:00,2.41,0.214
04/23/2021 20:35:00,2.47,0.219
04/23/2021 20:40:00,2.47,0.219
04/23/2021 20:45:00,2.43,0.216
04/23/2021 20:50:00,2.45,0.218
04/23/2021 20:55:00,2.47,0.219
04/23/2021 21:00:00,2.45,0.218
04/23/2021 21:05:00,2.42,0.215
04/23/2021 21:10:00,2.47,0.219
04/23/2021 21:15:00,2.46,0.218
04/23/2021 21:20:00,2.45,0.218
04/23/2021 21:25:00,2.45,0.218
04/23/2021 21:30:00,2.42,0.215
04/23/2021 21:35:00,2.43,0.216
04/23/2021 21:40:00,2.45,0.218
04/23/2021 21:45:00,2.41,0.214
04/23/2021 21:50:00,2.47,0.219
04/23/2021 21:55:00,2.43,0.216
04/23/2021 22:00:00,2.45,0.218
04/23/2021 22:05:00,2.44,0.217
04/23/2021 22:10:00,2.42,0.215
04/23/2021 22:15:00,2.41,0.214
04/23/2021 22:20:00,2.43,0.216
04/23/2021 22:25:00,2.46,0.218
04/23/2021 22:30:00,2.45,0.218
04/23/2021 22:35:00,2.45,0.218
04/23/2021 22:40:00,2.44,0.217
04/23/2021 22:45:00,2.45,0.218
04/23/2021 22:50:00,2.44,0.217
04/23/2021 22:55:00,2.43,0.216
04/23/2021 23:00:00,2.46,0.218
04/23/2021 23:05:00,2.43,0.216
04/23/2021 23:10:00,2.43,0.216
04/23/2021 23:15:00,2.45,0.218
04/23/2021 23:20:00,2.45,0.218
04/23/2021 23:25:00,2.46,0.218
04/23/2021 23:30:00,2.42,0.215
04/23/2021 23:35:00,2.48,0.220
04/23/2021 23:40:00,2.45,0.218
04/23/2021 23:45:00,2.44,0.217
04/23/2021 23:50:00,2.48,0.220
04/23/2021 23:55:00,2.47,0.219
04/24/2021 00:00:00,2.45,0.218
04/24/2021 00:05:00,2.43,0.216
04/24/2021 00:10:00,2.45,0.218
04/24/2021 00:15:00,2.46,0.218
04/24/2021 00:20:00,2.43,0.216
04/24/2021 00:25:00,2.47,0.219
04/24/2021 00:30:00,2.43,0.216
04/24/2021 00:35:00,2.46,0.218
04/24/2021 00:40:00,2.47,0.219
04/24/2021 00:45:00,2.43,0.216
04/24/2021 00:50:00,2.46,0.218
04/24/2021 00:55:00,2.48,0.220
04/24/2021 01:00:00,2.49,0.221
04/24/2021 01:05:00,2.43,0.216
04/24/2021 01:10:00,2.46,0.218
04/24/2021 01:15:00,2.50,0.222
04/24/2021 01:20:00,2.47,0.219
04/24/2021 01:25:00,2.48,0.220
04/24/2021 01:30:00,2.45,0.218
04/24/2021 01:35:00,2.47,0.219
04/24/2021 01:40:00,2.47,0.219
04/24/2021 01:45:00,2.45,0.218
04/24/2021 01:50:00,2.48,0.220
04/24/2021 01:55:00,2.46,0.218
04/24/2021 02:00:00,2.46,0.218
04/24/2021 02:05:00,2.48,0.220
04/24/2021 02:10:00,2.46,0.218
04/24/2021 02:15:00,2.46,0.218
04/24/2021 02:20:00,2.46,0.218
04/24/2021 02:25:00,2.48,0.220
04/24/2021 02:30:00,2.45,0.218
04/24/2021 02:35:00,2.45,0.218
04/24/2021 02:40:00,2.47,0.219
04/24/2021 02:45:00,2.45,0.218
04/24/2021 02:50:00,2.46,0.218
04/24/2021 02:55:00,2.47,0.219
04/24/2021 03:00:00,2.47,0.219
04/24/2021 03:05:00,2.45,0.218
04/24/2021 03:10:00,2.46,0.218
04/24/2021 03:15:00,2.48,0.220
04/24/2021 03:20:00,2.46,0.218
04/24/2021 03:25:00,2.48,0.220
04/24/2021 03:30:00,2.45,0.218
04/24/2021 03:35:00,2.43,0.216
04/24/2021 03:40:00,2.45,0.218
04/24/2021 03:45:00,2.42,0.215
04/24/2021 03:50:00,2.46,0.218
04/24/2021 03:55:00,2.46,0.218
04/24/2021 04:00:00,2.46,0.218
04/24/2021 04:05:00,2.43,0.216
04/24/2021 04:10:00,2.44,0.217
04/24/2021 04:15:00,2.46,0.218
04/24/2021 04:20:00,2.47,0.219
04/24/2021 04:25:00,2.48,0.220
04/24/2021 04:30:00,2.47,0.219
04/24/2021 04:35:00,2.45,0.218
04/24/2021 04:40:00,2.45,0.218
04/24/2021 04:45:00,2.45,0.218
04/24/2021 04:50:00,2.46,0.218
04/24/2021 04:55:00,2.46,0.218
04/24/2021 05:00:00,2.45,0.218
04/24/2021 05:05:00,2.45,0.218
04/24/2021 05:10:00,2.47,0.219
04/24/2021 05:15:00,2.46,0.218
04/24/2021 05:20:00,2.45,0.218
04/24/2021 05:25:00,2.47,0.219
04/24/2021 05:30:00,2.44,0.217
04/24/2021 05:35:00,2.45,0.218
04/24/2021 05:40:00,2.45,0.218
04/24/2021 05:45:00,2.45,0.218
04/24/2021 05:50:00,2.46,0.218
04/24/2021 05:55:00,2.48,0.220
04/24/2021 06:00:00,2.46,0.218
04/24/2021 06:05:00,2.43,0.216
04/24/2021 06:10:00,2.45,0.218
04/24/2021 06:15:00,2.45,0.218
04/24/2021 06:20:00,2.48,0.220
04/24/2021 06:25:00,2.45,0.218
04/24/2021 06:30:00,2.48,0.220
04/24/2021 06:35:00,2.46,0.218
04/24/2021 06:40:00,2.46,0.218
04/24/2021 06:45:00,2.43,0.216
04/24/2021 06:50:00,2.46,0.218
04/24/2021 06:55:00,2.45,0.218
04/24/2021 07:00:00,2.47,0.219
04/24/2021 07:05:00,2.44,0.217
04/24/2021 07:10:00,2.49,0.221
04/24/2021 07:15:00,2.50,0.222
04/24/2021 07:20:00,2.48,0.220
04/24/2021 07:25:00,2.52,0.224
04/24/2021 07:30:00,2.48,0.220
04/24/2021 07:35:00,2.48,0.220
04/24/2021 07:40:00,2.47,0.219
04/24/2021 07:45:00,2.47,0.219
04/24/2021 07:50:00,2.47,0.219
04/24/2021 07:55:00,2.48,0.220
04/24/2021 08:00:00,2.49,0.221
04/24/2021 08:05:00,2.48,0.220
04/24/2021 08:10:00,2.51,0.223
04/24/2021 08:15:00,2.50,0.222
04/24/2021 08:20:00,2.50,0.222
04/24/2021 08:25:00,2.50,0.222
04/24/2021 08:30:00,2.47,0.219
04/24/2021 08:35:00,2.49,0.221
04/24/2021 08:40:00,2.49,0.221
04/24/2021 08:45:00,2.50,0.222
04/24/2021 08:50:00,2.47,0.219
04/24/2021 08:55:00,2.50,0.222
04/24/2021 09:00:00,2.50,0.222
04/24/2021 09:05:00,2.48,0.220
04/24/2021 09:10:00,2.48,0.220
04/24/2021 09:15:00,2.49,0.221
04/24/2021 09:20:00,2.51,0.223
04/24/2021 09:25:00,2.48,0.220
04/24/2021 09:30:00,2.46,0.218
04/24/2021 09:35:00,2.49,0.221
04/24/2021 09:40:00,2.50,0.222
04/24/2021 09:45:00,2.47,0.219
04/24/2021 09:50:00,2.49,0.221
04/24/2021 09:55:00,2.48,0.220
04/24/2021 10:00:00,2.49,0.221
04/24/2021 10:05:00,2.50,0.222
04/24/2021 10:10:00,2.47,0.219
04/24/2021 10:15:00,2.47,0.219
04/24/2021 10:20:00,2.51,0.223
04/24/2021 10:25:00,2.50,0.222
04/24/2021 10:30:00,2.51,0.223
04/24/2021 10:35:00,2.51,0.223
04/24/2021 10:40:00,2.50,0.222
04/24/2021 10:45:00,2.49,0.221
04/24/2021 10:50:00,2.50,0.222
04/24/2021 10:55:00,2.48,0.220
04/24/2021 11:00:00,2.49,0.221
04/24/2021 11:05:00,2.50,0.222
04/24/2021 11:10:00,2.51,0.223
04/24/2021 11:15:00,2.51,0.223
04/24/2021 11:20:00,2.50,0.222
04/24/2021 11:25:00,2.49,0.221
04/24/2021 11:30:00,2.50,0.222
04/24/2021 11:35:00,2.51,0.223
04/24/2021 11:40:00,2.52,0.224
04/24/2021 11:45:00,2.53,0.225
04/24/2021 11:50:00,2.51,0.223
04/24/2021 11:55:00,2.50,0.222
04/24/2021 12:00:00,2.50,0.222
04/24/2021 12:05:00,2.49,0.221
04/24/2021 12:10:00,2.51,0.223
04/24/2021 12:15:00,2.52,0.224
04/24/2021 12:20:00,2.48,0.220
04/24/2021 12:25:00,2.49,0.221
04/24/2021 12:30:00,2.48,0.220
04/24/2021 12:35:00,2.48,0.220
04/24/2021 12:40:00,2.48,0.220
04/24/2021 12:45:00,2.48,0.220
04/24/2021 12:50:00,2.51,0.223
04/24/2021 12:55:00,2.49,0.221
04/24/2021 13:00:00,2.49,0.221
04/24/2021 13:05:00,2.50,0.222
04/24/2021 13:10:00,2.53,0.225
04/24/2021 13:15:00,2.50,0.222
04/24/2021 13:20:00,2.51,0.223
04/24/2021 13:25:00,2.51,0.223
04/24/2021 13:30:00,2.52,0.224
04/24/2021 13:35:00,2.51,0.223
04/24/2021 13:40:00,2.53,0.225
04/24/2021 13:45:00,2.53,0.225
04/24/2021 13:50:00,2.49,0.221
04/24/2021 13:55:00,2.50,0.222
04/24/2021 14:00:00,2.50,0.222
04/24/2021 14:05:00,2.50,0.222
04/24/2021 14:10:00,2.50,0.222
04/24/2021 14:15:00,2.50,0.222
04/24/2021 14:20:00,2.52,0.224
04/24/2021 14:25:00,2.50,0.222
04/24/2021 14:30:00,2.49,0.221
04/24/2021 14:35:00,2.48,0.220
04/24/2021 14:40:00,2.51,0.223
04/24/2021 14:45:00,2.50,0.222
04/24/2021 14:50:00,2.46,0.218
04/24/2021 14:55:00,2.53,0.225
04/24/2021 15:00:00,2.50,0.222
04/24/2021 15:05:00,2.51,0.223
04/24/2021 15:10:00,2.50,0.222
04/24/2021 15:15:00,2.50,0.222
04/24/2021 15:20:00,2.48,0.220
04/24/2021 15:25:00,2.49,0.221
04/24/2021 15:30:00,2.50,0.222
04/24/2021 15:35:00,2.52,0.224
04/24/2021 15:40:00,2.50,0.222
04/24/2021 15:45:00,2.50,0.222
04/24/2021 15:50:00,2.51,0.223
04/24/2021 15:55:00,2.51,0.223
04/24/2021 16:00:00,2.54,0.226
04/24/2021 16:05:00,2.52,0.224
04/24/2021 16:10:00,2.51,0.223
04/24/2021 16:15:00,2.50,0.222
04/24/2021 16:20:00,2.51,0.223
04/24/2021 16:25:00,2.50,0.222
04/24/2021 16:30:00,2.52,0.224
04/24/2021 16:35:00,2.53,0.225
04/24/2021 16:40:00,2.49,0.221
04/24/2021 16:45:00,2.47,0.219
04/24/2021 16:50:00,2.50,0.222
04/24/2021 16:55:00,2.48,0.220
04/24/2021 17:00:00,2.48,0.220
04/24/2021 17:05:00,2.49,0.221
04/24/2021 17:10:00,2.50,0.222
04/24/2021 17:15:00,2.50,0.222
04/24/2021 17:20:00,2.50,0.222
04/24/2021 17:25:00,2.50,0.222
04/24/2021 17:30:00,2.49,0.221
04/24/2021 17:35:00,2.47,0.219
04/24/2021 17:40:00,2.51,0.223
04/24/2021 17:45:00,2.48,0.220
04/24/2021 17:50:00,2.51,0.223
04/24/2021 17:55:00,2.48,0.220
04/24/2021 18:00:00,2.51,0.223
04/24/2021 18:05:00,2.53,0.225
04/24/2021 18:10:00,2.53,0.225
04/24/2021 18:15:00,2.52,0.224
04/24/2021 18:20:00,2.53,0.225
04/24/2021 18:25:00,2.49,0.221
04/24/2021 18:30:00,2.51,0.223
04/24/2021 18:35:00,2.51,0.223
04/24/2021 18:40:00,2.50,0.222
04/24/2021 18:45:00,2.53,0.225
04/24/2021 18:50:00,2.50,0.222
04/24/2021 18:55:00,2.52,0.224
04/24/2021 19:00:00,2.53,0.225
04/24/2021 19:05:00,2.48,0.220
04/24/2021 19:10:00,2.50,0.222
04/24/2021 19:15:00,2.48,0.220
04/24/2021 19:20:00,2.50,0.222
04/24/2021 19:25:00,2.51,0.223
04/24/2021 19:30:00,2.50,0.222
04/24/2021 19:35:00,2.51,0.223
04/24/2021 19:40:00,2.48,0.220
04/24/2021 19:45:00,2.48,0.220
04/24/2021 19:50:00,2.50,0.222
04/24/2021 19:55:00,2.48,0.220
04/24/2021 20:00:00,2.51,0.223
04/24/2021 20:05:00,2.50,0.222
04/24/2021 20:10:00,2.47,0.219
04/24/2021 20:15:00,2.47,0.219
04/24/2021 20:20:00,2.50,0.222
04/24/2021 20:25:00,2.49,0.221
04/24/2021 20:30:00,2.47,0.219
04/24/2021 20:35:00,2.46,0.218
04/24/2021 20:40:00,2.47,0.219
04/24/2021 20:45:00,2.48,0.220
04/24/2021 20:50:00,2.48,0.220
04/24/2021 20:55:00,2.48,0.220
04/24/2021 21:00:00,2.51,0.223
04/24/2021 21:05:00,2.48,0.220
04/24/2021 21:10:00,2.49,0.221
04/24/2021 21:15:00,2.47,0.219
04/24/2021 21:20:00,2.48,0.220
04/24/2021 21:25:00,2.49,0.221
04/24/2021 21:30:00,2.48,0.220
04/24/2021 21:35:00,2.47,0.219
04/24/2021 21:40:00,2.48,0.220
04/24/2021 21:45:00,2.45,0.218
04/24/2021 21:50:00,2.45,0.218
04/24/2021 21:55:00,2.48,0.220
04/24/2021 22:00:00,2.49,0.221
04/24/2021 22:05:00,2.49,0.221
04/24/2021 22:10:00,2.47,0.219
04/24/2021 22:15:00,2.48,0.220
04/24/2021 22:20:00,2.48,0.220
04/24/2021 22:25:00,2.48,0.220
04/24/2021 22:30:00,2.48,0.220
04/24/2021 22:35:00,2.47,0.219
04/24/2021 22:40:00,2.51,0.223
04/24/2021 22:45:00,2.51,0.223
04/24/2021 22:50:00,2.50,0.222
04/24/2021 22:55:00,2.45,0.218
04/24/2021 23:00:00,2.47,0.219
04/24/2021 23:05:00,2.48,0.220
04/24/2021 23:10:00,2.46,0.218
04/24/2021 23:15:00,2.50,0.222
04/24/2021 23:20:00,2.48,0.220
04/24/2021 23:25:00,2.48,0.220
04/24/2021 23:30:00,2.48,0.220
04/24/2021 23:35:00,2.48,0.220
04/24/2021 23:40:00,2.48,0.220
04/24/2021 23:45:00,2.48,0.220
04/24/2021 23:50:00,2.48,0.220
04/24/2021 23:55:00,2.49,0.221
04/25/2021 00:00:00,2.48,0.220
04/25/2021 00:05:00,2.48,0.220
04/25/2021 00:10:00,2.49,0.221
04/25/2021 00:15:00,2.48,0.220
04/25/2021 00:20:00,2.48,0.220
04/25/2021 00:25:00,2.47,0.219
04/25/2021 00:30:00,2.48,0.220
04/25/2021 00:35:00,2.44,0.217
04/25/2021 00:40:00,2.48,0.220
04/25/2021 00:45:00,2.47,0.219
04/25/2021 00:50:00,2.47,0.219
04/25/2021 00:55:00,2.46,0.218
04/25/2021 01:00:00,2.47,0.219
04/25/2021 01:05:00,2.45,0.218
04/25/2021 01:10:00,2.50,0.222
04/25/2021 01:15:00,2.48,0.220
04/25/2021 01:20:00,2.47,0.219
04/25/2021 01:25:00,2.47,0.219
04/25/2021 01:30:00,2.49,0.221
04/25/2021 01:35:00,2.48,0.220
04/25/2021 01:40:00,2.47,0.219
04/25/2021 01:45:00,2.49,0.221
04/25/2021 01:50:00,2.45,0.218
04/25/2021 01:55:00,2.47,0.219
04/25/2021 02:00:00,2.49,0.221
04/25/2021 02:05:00,2.48,0.220
04/25/2021 02:10:00,2.45,0.218
04/25/2021 02:15:00,2.49,0.221
04/25/2021 02:20:00,2.49,0.221
04/25/2021 02:25:00,2.48,0.220
04/25/2021 02:30:00,2.48,0.220
04/25/2021 02:35:00,2.46,0.218
04/25/2021 02:40:00,2.48,0.220
04/25/2021 02:45:00,2.50,0.222
04/25/2021 02:50:00,2.47,0.219
04/25/2021 02:55:00,2.47,0.219
04/25/2021 03:00:00,2.47,0.219
04/25/2021 03:05:00,2.45,0.218
04/25/2021 03:10:00,2.47,0.219
04/25/2021 03:15:00,2.47,0.219
04/25/2021 03:20:00,2.47,0.219
04/25/2021 03:25:00,2.47,0.219
04/25/2021 03:30:00,2.49,0.221
04/25/2021 03:35:00,2.49,0.221
04/25/2021 03:40:00,2.45,0.218
04/25/2021 03:45:00,2.48,0.220
04/25/2021 03:50:00,2.50,0.222
04/25/2021 03:55:00,2.45,0.218
04/25/2021 04:00:00,2.46,0.218
04/25/2021 04:05:00,2.47,0.219
04/25/2021 04:10:00,2.51,0.223
04/25/2021 04:15:00,2.45,0.218
04/25/2021 04:20:00,2.48,0.220
04/25/2021 04:25:00,2.48,0.220
04/25/2021 04:30:00,2.47,0.219
04/25/2021 04:35:00,2.47,0.219
04/25/2021 04:40:00,2.48,0.220
04/25/2021 04:45:00,2.50,0.222
04/25/2021 04:50:00,2.47,0.219
04/25/2021 04:55:00,2.48,0.220
04/25/2021 05:00:00,2.47,0.219
04/25/2021 05:05:00,2.49,0.221
04/25/2021 05:10:00,2.46,0.218
04/25/2021 05:15:00,2.46,0.218
04/25/2021 05:20:00,2.47,0.219
04/25/2021 05:25:00,2.47,0.219
04/25/2021 05:30:00,2.49,0.221
04/25/2021 05:35:00,2.47,0.219
04/25/2021 05:40:00,2.48,0.220
04/25/2021 05:45:00,2.47,0.219
04/25/2021 05:50:00,2.47,0.219
04/25/2021 05:55:00,2.46,0.218
04/25/2021 06:00:00,2.47,0.219
04/25/2021 06:05:00,2.47,0.219
04/25/2021 06:10:00,2.47,0.219
04/25/2021 06:15:00,2.43,0.216
04/25/2021 06:20:00,2.48,0.220
04/25/2021 06:25:00,2.46,0.218
04/25/2021 06:30:00,2.45,0.218
04/25/2021 06:35:00,2.45,0.218
04/25/2021 06:40:00,2.45,0.218
04/25/2021 06:45:00,2.49,0.221
04/25/2021 06:50:00,2.50,0.222
04/25/2021 06:55:00,2.48,0.220
04/25/2021 07:00:00,2.49,0.221
04/25/2021 07:05:00,2.48,0.220
04/25/2021 07:10:00,2.50,0.222
04/25/2021 07:15:00,2.49,0.221
04/25/2021 07:20:00,2.50,0.222
04/25/2021 07:25:00,2.49,0.221
04/25/2021 07:30:00,2.52,0.224
04/25/2021 07:35:00,2.50,0.222
04/25/2021 07:40:00,2.48,0.220
04/25/2021 07:45:00,2.48,0.220
04/25/2021 07:50:00,2.48,0.220
04/25/2021 07:55:00,2.48,0.220
04/25/2021 08:00:00,2.50,0.222
04/25/2021 08:05:00,2.47,0.219
04/25/2021 08:10:00,2.48,0.220
04/25/2021 08:15:00,2.49,0.221
04/25/2021 08:20:00,2.51,0.223
04/25/2021 08:25:00,2.51,0.223
04/25/2021 08:30:00,2.50,0.222
04/25/2021 08:35:00,2.48,0.220
04/25/2021 08:40:00,2.46,0.218
04/25/2021 08:45:00,2.50,0.222
04/25/2021 08:50:00,2.47,0.219
04/25/2021 08:55:00,2.49,0.221
04/25/2021 09:00:00,2.47,0.219
04/25/2021 09:05:00,2.47,0.219
04/25/2021 09:10:00,2.48,0.220
04/25/2021 09:15:00,2.45,0.218
04/25/2021 09:20:00,2.48,0.220
04/25/2021 09:25:00,2.49,0.221
04/25/2021 09:30:00,2.49,0.221
04/25/2021 09:35:00,2.49,0.221
04/25/2021 09:40:00,2.47,0.219
04/25/2021 09:45:00,2.44,0.217
04/25/2021 09:50:00,2.49,0.221
04/25/2021 09:55:00,2.50,0.222
04/25/2021 10:00:00,2.50,0.222
04/25/2021 10:05:00,2.46,0.218
04/25/2021 10:10:00,2.44,0.217
04/25/2021 10:15:00,2.48,0.220
04/25/2021 10:20:00,2.50,0.222
04/25/2021 10:25:00,2.47,0.219
04/25/2021 10:30:00,2.48,0.220
04/25/2021 10:35:00,2.46,0.218
04/25/2021 10:40:00,2.49,0.221
04/25/2021 10:45:00,2.48,0.220
04/25/2021 10:50:00,2.47,0.219
04/25/2021 10:55:00,2.50,0.222
04/25/2021 11:00:00,2.49,0.221
04/25/2021 11:05:00,2.48,0.220
04/25/2021 11:10:00,2.48,0.220
04/25/2021 11:15:00,2.48,0.220
04/25/2021 11:20:00,2.49,0.221
04/25/2021 11:25:00,2.47,0.219
04/25/2021 11:30:00,2.46,0.218
04/25/2021 11:35:00,2.45,0.218
04/25/2021 11:40:00,2.48,0.220
04/25/2021 11:45:00,2.49,0.221
04/25/2021 11:50:00,2.47,0.219
04/25/2021 11:55:00,2.46,0.218
04/25/2021 12:00:00,2.50,0.222
04/25/2021 12:05:00,2.48,0.220
04/25/2021 12:10:00,2.47,0.219
04/25/2021 12:15:00,2.50,0.222
04/25/2021 12:20:00,2.51,0.223
04/25/2021 12:25:00,2.48,0.220
04/25/2021 12:30:00,2.50,0.222
04/25/2021 12:35:00,2.53,0.225
04/25/2021 12:40:00,2.50,0.222
04/25/2021 12:45:00,2.50,0.222
04/25/2021 12:50:00,2.51,0.223
04/25/2021 12:55:00,2.50,0.222
04/25/2021 13:00:00,2.50,0.222
04/25/2021 13:05:00,2.50,0.222
04/25/2021 13:10:00,2.50,0.222
04/25/2021 13:15:00,2.48,0.220
04/25/2021 13:20:00,2.50,0.222
04/25/2021 13:25:00,2.48,0.220
04/25/2021 13:30:00,2.50,0.222
04/25/2021 13:35:00,2.52,0.224
04/25/2021 13:40:00,2.47,0.219
04/25/2021 13:45:00,2.47,0.219
04/25/2021 13:50:00,2.49,0.221
04/25/2021 13:55:00,2.52,0.224
04/25/2021 14:00:00,2.50,0.222
04/25/2021 14:05:00,2.50,0.222
04/25/2021 14:10:00,2.51,0.223
04/25/2021 14:15:00,2.50,0.222
04/25/2021 14:20:00,2.49,0.221
04/25/2021 14:25:00,2.49,0.221
04/25/2021 14:30:00,2.48,0.220
04/25/2021 14:35:00,2.49,0.221
04/25/2021 14:40:00,2.53,0.225
04/25/2021 14:45:00,2.52,0.224
04/25/2021 14:50:00,2.51,0.223
04/25/2021 14:55:00,2.54,0.226
04/25/2021 15:00:00,2.51,0.223
04/25/2021 15:05:00,2.50,0.222
04/25/2021 15:10:00,2.49,0.221
04/25/2021 15:15:00,2.50,0.222
04/25/2021 15:20:00,2.51,0.223
04/25/2021 15:25:00,2.48,0.220
04/25/2021 15:30:00,2.49,0.221
04/25/2021 15:35:00,2.48,0.220
04/25/2021 15:40:00,2.48,0.220
04/25/2021 15:45:00,2.53,0.225
04/25/2021 15:50:00,2.51,0.223
04/25/2021 15:55:00,2.50,0.222
04/25/2021 16:00:00,2.51,0.223
04/25/2021 16:05:00,2.51,0.223
04/25/2021 16:10:00,2.51,0.223
04/25/2021 16:15:00,2.47,0.219
04/25/2021 16:20:00,2.49,0.221
04/25/2021 16:25:00,2.48,0.220
04/25/2021 16:30:00,2.50,0.222
04/25/2021 16:35:00,2.45,0.218
04/25/2021 16:40:00,2.46,0.218
04/25/2021 16:45:00,2.49,0.221
04/25/2021 16:50:00,2.46,0.218
04/25/2021 16:55:00,2.50,0.222
04/25/2021 17:00:00,2.49,0.221
04/25/2021 17:05:00,2.47,0.219
04/25/2021 17:10:00,2.50,0.222
04/25/2021 17:15:00,2.49,0.221
04/25/2021 17:20:00,2.49,0.221
04/25/2021 17:25:00,2.48,0.220
04/25/2021 17:30:00,2.44,0.217
04/25/2021 17:35:00,2.50,0.222
04/25/2021 17:40:00,2.47,0.219
04/25/2021 17:45:00,2.46,0.218
04/25/2021 17:50:00,2.48,0.220
04/25/2021 17:55:00,2.45,0.218
04/25/2021 18:00:00,2.50,0.222
04/25/2021 18:05:00,2.51,0.223
04/25/2021 18:10:00,2.43,0.216
04/25/2021 18:15:00,2.47,0.219
04/25/2021 18:20:00,2.47,0.219
04/25/2021 18:25:00,2.47,0.219
04/25/2021 18:30:00,2.47,0.219
04/25/2021 18:35:00,2.47,0.219
04/25/2021 18:40:00,2.47,0.219
04/25/2021 18:45:00,2.45,0.218
04/25/2021 18:50:00,2.46,0.218
04/25/2021 18:55:00,2.47,0.219
04/25/2021 19:00:00,2.46,0.218
04/25/2021 19:05:00,2.49,0.221
04/25/2021 19:10:00,2.45,0.218
04/25/2021 19:15:00,2.48,0.220
04/25/2021 19:20:00,2.43,0.216
04/25/2021 19:25:00,2.45,0.218
04/25/2021 19:30:00,2.48,0.220
04/25/2021 19:35:00,2.45,0.218
04/25/2021 19:40:00,2.45,0.218
04/25/2021 19:45:00,2.43,0.216
04/25/2021 19:50:00,2.45,0.218
04/25/2021 19:55:00,2.49,0.221
04/25/2021 20:00:00,2.47,0.219
04/25/2021 20:05:00,2.45,0.218
04/25/2021 20:10:00,2.48,0.220
04/25/2021 20:15:00,2.46,0.218
04/25/2021 20:20:00,2.45,0.218
04/25/2021 20:25:00,2.47,0.219
04/25/2021 20:30:00,2.47,0.219
04/25/2021 20:35:00,2.45,0.218
04/25/2021 20:40:00,2.47,0.219
04/25/2021 20:45:00,2.45,0.218
04/25/2021 20:50:00,2.45,0.218
04/25/2021 20:55:00,2.45,0.218
04/25/2021 21:00:00,2.44,0.217
04/25/2021 21:05:00,2.47,0.219
04/25/2021 21:10:00,2.45,0.218
04/25/2021 21:15:00,2.46,0.218
04/25/2021 21:20:00,2.46,0.218
04/25/2021 21:25:00,2.44,0.217
04/25/2021 21:30:00,2.44,0.217
04/25/2021 21:35:00,2.45,0.218
04/25/2021 21:40:00,2.44,0.217
04/25/2021 21:45:00,2.43,0.216
04/25/2021 21:50:00,2.43,0.216
04/25/2021 21:55:00,2.47,0.219
04/25/2021 22:00:00,2.45,0.218
04/25/2021 22:05:00,2.45,0.218
04/25/2021 22:10:00,2.46,0.218
04/25/2021 22:15:00,2.45,0.218
04/25/2021 22:20:00,2.48,0.220
04/25/2021 22:25:00,2.48,0.220
04/25/2021 22:30:00,2.47,0.219
04/25/2021 22:35:00,2.48,0.220
04/25/2021 22:40:00,2.43,0.216
04/25/2021 22:45:00,2.44,0.217
04/25/2021 22:50:00,2.45,0.218
04/25/2021 22:55:00,2.50,0.222
04/25/2021 23:00:00,2.48,0.220
04/25/2021 23:05:00,2.45,0.218
04/25/2021 23:10:00,2.45,0.218
04/25/2021 23:15:00,2.44,0.217
04/25/2021 23:20:00,2.45,0.218
04/25/2021 23:25:00,2.46,0.218
04/25/2021 23:30:00,2.43,0.216
04/25/2021 23:35:00,2.47,0.219
04/25/2021 23:40:00,2.48,0.220
04/25/2021 23:45:00,2.45,0.218
04/25/2021 23:50:00,2.44,0.217
04/25/2021 23:55:00,2.47,0.219
04/26/2021 00:00:00,2.47,0.219
04/26/2021 00:05:00,2.45,0.218
04/26/2021 00:10:00,2.47,0.219
04/26/2021 00:15:00,2.48,0.220
04/26/2021 00:20:00,2.46,0.218
04/26/2021 00:25:00,2.51,0.223
04/26/2021 00:30:00,2.45,0.218
04/26/2021 00:35:00,2.47,0.219
04/26/2021 00:40:00,2.44,0.217
04/26/2021 00:45:00,2.47,0.219
04/26/2021 00:50:00,2.45,0.218
04/26/2021 00:55:00,2.45,0.218
04/26/2021 01:00:00,2.43,0.216
04/26/2021 01:05:00,2.43,0.216
04/26/2021 01:10:00,2.46,0.218
04/26/2021 01:15:00,2.47,0.219
04/26/2021 01:20:00,2.47,0.219
04/26/2021 01:25:00,2.49,0.221
04/26/2021 01:30:00,2.46,0.218
04/26/2021 01:35:00,2.45,0.218
04/26/2021 01:40:00,2.46,0.218
04/26/2021 01:45:00,2.46,0.218
04/26/2021 01:50:00,2.45,0.218
04/26/2021 01:55:00,2.45,0.218
04/26/2021 02:00:00,2.43,0.216
04/26/2021 02:05:00,2.45,0.218
04/26/2021 02:10:00,2.48,0.220
04/26/2021 02:15:00,2.45,0.218
04/26/2021 02:20:00,2.42,0.215
04/26/2021 02:25:00,2.43,0.216
04/26/2021 02:30:00,2.44,0.217
04/26/2021 02:35:00,2.43,0.216
04/26/2021 02:40:00,2.47,0.219
04/26/2021 02:45:00,2.44,0.217
04/26/2021 02:50:00,2.47,0.219
04/26/2021 02:55:00,2.43,0.216
04/26/2021 03:00:00,2.47,0.219
04/26/2021 03:05:00,2.47,0.219
04/26/2021 03:10:00,2.45,0.218
04/26/2021 03:15:00,2.47,0.219
04/26/2021 03:20:00,2.40,0.213
04/26/2021 03:25:00,2.42,0.215
04/26/2021 03:30:00,2.42,0.215
04/26/2021 03:35:00,2.44,0.217
04/26/2021 03:40:00,2.42,0.215
04/26/2021 03:45:00,2.45,0.218
04/26/2021 03:50:00,2.43,0.216
04/26/2021 03:55:00,2.42,0.215
04/26/2021 04:00:00,2.44,0.217
04/26/2021 04:05:00,2.44,0.217
04/26/2021 04:10:00,2.45,0.218
04/26/2021 04:15:00,2.44,0.217
04/26/2021 04:20:00,2.43,0.216
04/26/2021 04:25:00,2.46,0.218
04/26/2021 04:30:00,2.45,0.218
04/26/2021 04:35:00,2.46,0.218
04/26/2021 04:40:00,2.44,0.217
04/26/2021 04:45:00,2.43,0.216
04/26/2021 04:50:00,2.47,0.219
04/26/2021 04:55:00,2.43,0.216
04/26/2021 05:00:00,2.44,0.217
04/26/2021 05:05:00,2.44,0.217
04/26/2021 05:10:00,2.45,0.218
04/26/2021 05:15:00,2.42,0.215
04/26/2021 05:20:00,2.43,0.216
04/26/2021 05:25:00,2.43,0.216
04/26/2021 05:30:00,2.43,0.216
04/26/2021 05:35:00,2.43,0.216
04/26/2021 05:40:00,2.40,0.213
04/26/2021 05:45:00,2.42,0.215
04/26/2021 05:50:00,2.44,0.217
04/26/2021 05:55:00,2.43,0.216
04/26/2021 06:00:00,2.43,0.216
04/26/2021 06:05:00,2.46,0.218
04/26/2021 06:10:00,2.45,0.218
04/26/2021 06:15:00,2.47,0.219
04/26/2021 06:20:00,2.46,0.218
04/26/2021 06:25:00,2.45,0.218
04/26/2021 06:30:00,2.47,0.219
04/26/2021 06:35:00,2.45,0.218
04/26/2021 06:40:00,2.44,0.217
04/26/2021 06:45:00,2.46,0.218
04/26/2021 06:50:00,2.49,0.221
04/26/2021 06:55:00,2.50,0.222
04/26/2021 07:00:00,2.47,0.219
04/26/2021 07:05:00,2.50,0.222
04/26/2021 07:10:00,2.46,0.218
04/26/2021 07:15:00,2.46,0.218
04/26/2021 07:20:00,2.46,0.218
04/26/2021 07:25:00,2.46,0.218
04/26/2021 07:30:00,2.47,0.219
04/26/2021 07:35:00,2.50,0.222
04/26/2021 07:40:00,2.48,0.220
04/26/2021 07:45:00,2.46,0.218
04/26/2021 07:50:00,2.48,0.220
04/26/2021 07:55:00,2.47,0.219
04/26/2021 08:00:00,2.48,0.220
04/26/2021 08:05:00,2.48,0.220
04/26/2021 08:10:00,2.48,0.220
04/26/2021 08:15:00,2.51,0.223
04/26/2021 08:20:00,2.51,0.223
04/26/2021 08:25:00,2.49,0.221
04/26/2021 08:30:00,2.50,0.222
04/26/2021 08:35:00,2.48,0.220
04/26/2021 08:40:00,2.49,0.221
04/26/2021 08:45:00,2.49,0.221
04/26/2021 08:50:00,2.50,0.222
04/26/2021 08:55:00,2.49,0.221
04/26/2021 09:00:00,2.48,0.220
04/26/2021 09:05:00,2.49,0.221
04/26/2021 09:10:00,2.50,0.222
04/26/2021 09:15:00,2.49,0.221
04/26/2021 09:20:00,2.50,0.222
04/26/2021 09:25:00,2.48,0.220
04/26/2021 09:30:00,2.48,0.220
04/26/2021 09:35:00,2.49,0.221
04/26/2021 09:40:00,2.48,0.220
04/26/2021 09:45:00,2.45,0.218
04/26/2021 09:50:00,2.51,0.223
04/26/2021 09:55:00,2.50,0.222
04/26/2021 10:00:00,2.51,0.223
04/26/2021 10:05:00,2.47,0.219
04/26/2021 10:10:00,2.49,0.221
04/26/2021 10:15:00,2.51,0.223
04/26/2021 10:20:00,2.47,0.219
04/26/2021 10:25:00,2.48,0.220
04/26/2021 10:30:00,2.49,0.221
04/26/2021 10:35:00,2.50,0.222
04/26/2021 10:40:00,2.48,0.220
04/26/2021 10:45:00,2.49,0.221
04/26/2021 10:50:00,2.50,0.222
04/26/2021 10:55:00,2.49,0.221
04/26/2021 11:00:00,2.50,0.222
04/26/2021 11:05:00,2.50,0.222
04/26/2021 11:10:00,2.48,0.220
04/26/2021 11:15:00,2.48,0.220
04/26/2021 11:20:00,2.49,0.221
04/26/2021 11:25:00,2.48,0.220
04/26/2021 11:30:00,2.50,0.222
04/26/2021 11:35:00,2.49,0.221
04/26/2021 11:40:00,2.49,0.221
04/26/2021 11:45:00,2.50,0.222
04/26/2021 11:50:00,2.51,0.223
04/26/2021 11:55:00,2.47,0.219
04/26/2021 12:00:00,2.47,0.219
04/26/2021 12:05:00,2.50,0.222
04/26/2021 12:10:00,2.50,0.222
04/26/2021 12:15:00,2.50,0.222
04/26/2021 12:20:00,2.51,0.223
04/26/2021 12:25:00,2.50,0.222
04/26/2021 12:30:00,2.51,0.223
04/26/2021 12:35:00,2.50,0.222
04/26/2021 12:40:00,2.51,0.223
04/26/2021 12:45:00,2.51,0.223
04/26/2021 12:50:00,2.50,0.222
04/26/2021 12:55:00,2.51,0.223
04/26/2021 13:00:00,2.51,0.223
04/26/2021 13:05:00,2.48,0.220
04/26/2021 13:10:00,2.53,0.225
04/26/2021 13:15:00,2.51,0.223
04/26/2021 13:20:00,2.51,0.223
04/26/2021 13:25:00,2.51,0.223
04/26/2021 13:30:00,2.54,0.226
04/26/2021 13:35:00,2.52,0.224
04/26/2021 13:40:00,2.53,0.225
04/26/2021 13:45:00,2.48,0.220
04/26/2021 13:50:00,2.50,0.222
04/26/2021 13:55:00,2.53,0.225
04/26/2021 14:00:00,2.54,0.226
04/26/2021 14:05:00,2.53,0.225
04/26/2021 14:10:00,2.54,0.226
04/26/2021 14:15:00,2.53,0.225
04/26/2021 14:20:00,2.51,0.223
04/26/2021 14:25:00,2.51,0.223
04/26/2021 14:30:00,2.51,0.223
04/26/2021 14:35:00,2.54,0.226
04/26/2021 14:40:00,2.48,0.220
04/26/2021 14:45:00,2.48,0.220
04/26/2021 14:50:00,2.51,0.223
04/26/2021 14:55:00,2.52,0.224
04/26/2021 15:00:00,2.50,0.222
04/26/2021 15:05:00,2.51,0.223
04/26/2021 15:10:00,2.52,0.224
04/26/2021 15:15:00,2.51,0.223
04/26/2021 15:20:00,2.53,0.225
04/26/2021 15:25:00,2.51,0.223
04/26/2021 15:30:00,2.54,0.226
04/26/2021 15:35:00,2.54,0.226
04/26/2021 15:40:00,2.54,0.226
04/26/2021 15:45:00,2.53,0.225
04/26/2021 15:50:00,2.54,0.226
04/26/2021 15:55:00,2.53,0.225
04/26/2021 16:00:00,2.52,0.224
04/26/2021 16:05:00,2.53,0.225
04/26/2021 16:10:00,2.54,0.226
04/26/2021 16:15:00,2.54,0.226
04/26/2021 16:20:00,2.54,0.226
04/26/2021 16:25:00,2.56,0.227
04/26/2021 16:30:00,2.54,0.226
04/26/2021 16:35:00,2.53,0.225
04/26/2021 16:40:00,2.51,0.223
04/26/2021 16:45:00,2.53,0.225
04/26/2021 16:50:00,2.55,0.227
04/26/2021 16:55:00,2.51,0.223
04/26/2021 17:00:00,2.54,0.226
04/26/2021 17:05:00,2.53,0.225
04/26/2021 17:10:00,2.54,0.226
04/26/2021 17:15:00,2.51,0.223
04/26/2021 17:20:00,2.53,0.225
04/26/2021 17:25:00,2.54,0.226
04/26/2021 17:30:00,2.53,0.225
04/26/2021 17:35:00,2.52,0.224
04/26/2021 17:40:00,2.55,0.227
04/26/2021 17:45:00,2.54,0.226
04/26/2021 17:50:00,2.52,0.224
04/26/2021 17:55:00,2.53,0.225
04/26/2021 18:00:00,2.53,0.225
04/26/2021 18:05:00,2.51,0.223
04/26/2021 18:10:00,2.53,0.225
04/26/2021 18:15:00,2.53,0.225
04/26/2021 18:20:00,2.56,0.227
04/26/2021 18:25:00,2.54,0.226
04/26/2021 18:30:00,2.56,0.227
04/26/2021 18:35:00,2.54,0.226
04/26/2021 18:40:00,2.56,0.227
04/26/2021 18:45:00,2.53,0.225
04/26/2021 18:50:00,2.56,0.227
04/26/2021 18:55:00,2.53,0.225
04/26/2021 19:00:00,2.53,0.225
04/26/2021 19:05:00,2.57,0.228
04/26/2021 19:10:00,2.53,0.225
04/26/2021 19:15:00,2.56,0.227
04/26/2021 19:20:00,2.54,0.226
04/26/2021 19:25:00,2.53,0.225
04/26/2021 19:30:00,2.53,0.225
04/26/2021 19:35:00,2.52,0.224
04/26/2021 19:40:00,2.54,0.226
04/26/2021 19:45:00,2.54,0.226
04/26/2021 19:50:00,2.51,0.223
04/26/2021 19:55:00,2.54,0.226
04/26/2021 20:00:00,2.54,0.226
04/26/2021 20:05:00,2.54,0.226
04/26/2021 20:10:00,2.51,0.223
04/26/2021 20:15:00,2.56,0.227
04/26/2021 20:20:00,2.53,0.225
04/26/2021 20:25:00,2.56,0.227
04/26/2021 20:30:00,2.53,0.225
04/26/2021 20:35:00,2.56,0.227
04/26/2021 20:40:00,2.55,0.227
04/26/2021 20:45:00,2.56,0.227
04/26/2021 20:50:00,2.55,0.227
04/26/2021 20:55:00,2.53,0.225
04/26/2021 21:00:00,2.54,0.226
04/26/2021 21:05:00,2.56,0.227
04/26/2021 21:10:00,2.54,0.226
04/26/2021 21:15:00,2.50,0.222
04/26/2021 21:20:00,2.54,0.226
04/26/2021 21:25:00,2.54,0.226
04/26/2021 21:30:00,2.56,0.227
04/26/2021 21:35:00,2.56,0.227
04/26/2021 21:40:00,2.54,0.226
04/26/2021 21:45:00,2.54,0.226
04/26/2021 21:50:00,2.54,0.226
04/26/2021 21:55:00,2.55,0.227
04/26/2021 22:00:00,2.54,0.226
04/26/2021 22:05:00,2.54,0.226
04/26/2021 22:10:00,2.53,0.225
04/26/2021 22:15:00,2.56,0.227
04/26/2021 22:20:00,2.52,0.224
04/26/2021 22:25:00,2.57,0.228
04/26/2021 22:30:00,2.53,0.225
04/26/2021 22:35:00,2.54,0.226
04/26/2021 22:40:00,2.54,0.226
04/26/2021 22:45:00,2.58,0.229
04/26/2021 22:50:00,2.56,0.227
04/26/2021 22:55:00,2.54,0.226
04/26/2021 23:00:00,2.54,0.226
04/26/2021 23:05:00,2.54,0.226
04/26/2021 23:10:00,2.53,0.225
04/26/2021 23:15:00,2.55,0.227
04/26/2021 23:20:00,2.54,0.226
04/26/2021 23:25:00,2.57,0.228
04/26/2021 23:30:00,2.56,0.227
04/26/2021 23:35:00,2.56,0.227
04/26/2021 23:40:00,2.53,0.225
04/26/2021 23:45:00,2.54,0.226
04/26/2021 23:50:00,2.56,0.227
04/26/2021 23:55:00,2.54,0.226
04/27/2021 00:00:00,2.54,0.226
04/27/2021 00:05:00,2.53,0.225
04/27/2021 00:10:00,2.53,0.225
04/27/2021 00:15:00,2.53,0.225
04/27/2021 00:20:00,2.54,0.226
04/27/2021 00:25:00,2.56,0.227
04/27/2021 00:30:00,2.53,0.225
04/27/2021 00:35:00,2.54,0.226
04/27/2021 00:40:00,2.56,0.227
04/27/2021 00:45:00,2.55,0.227
04/27/2021 00:50:00,2.54,0.226
04/27/2021 00:55:00,2.54,0.226
04/27/2021 01:00:00,2.52,0.224
04/27/2021 01:05:00,2.56,0.227
04/27/2021 01:10:00,2.53,0.225
04/27/2021 01:15:00,2.52,0.224
04/27/2021 01:20:00,2.51,0.223
04/27/2021 01:25:00,2.53,0.225
04/27/2021 01:30:00,2.55,0.227
04/27/2021 01:35:00,2.53,0.225
04/27/2021 01:40:00,2.54,0.226
04/27/2021 01:45:00,2.54,0.226
04/27/2021 01:50:00,2.55,0.227
04/27/2021 01:55:00,2.53,0.225
04/27/2021 02:00:00,2.52,0.224
04/27/2021 02:05:00,2.51,0.223
04/27/2021 02:10:00,2.51,0.223
04/27/2021 02:15:00,2.51,0.223
04/27/2021 02:20:00,2.52,0.224
04/27/2021 02:25:00,2.52,0.224
04/27/2021 02:30:00,2.51,0.223
04/27/2021 02:35:00,2.53,0.225
04/27/2021 02:40:00,2.55,0.227
04/27/2021 02:45:00,2.50,0.222
04/27/2021 02:50:00,2.51,0.223
04/27/2021 02:55:00,2.53,0.225
04/27/2021 03:00:00,2.51,0.223
04/27/2021 03:05:00,2.53,0.225
04/27/2021 03:10:00,2.53,0.225
04/27/2021 03:15:00,2.56,0.227
04/27/2021 03:20:00,2.53,0.225
04/27/2021 03:25:00,2.54,0.226
04/27/2021 03:30:00,2.53,0.225
04/27/2021 03:35:00,2.54,0.226
04/27/2021 03:40:00,2.53,0.225
04/27/2021 03:45:00,2.54,0.226
04/27/2021 03:50:00,2.52,0.224
04/27/2021 03:55:00,2.55,0.227
04/27/2021 04:00:00,2.52,0.224
04/27/2021 04:05:00,2.53,0.225
04/27/2021 04:10:00,2.51,0.223
04/27/2021 04:15:00,2.53,0.225
04/27/2021 04:20:00,2.54,0.226
04/27/2021 04:25:00,2.52,0.224
04/27/2021 04:30:00,2.54,0.226
04/27/2021 04:35:00,2.53,0.225
04/27/2021 04:40:00,2.53,0.225
04/27/2021 04:45:00,2.52,0.224
04/27/2021 04:50:00,2.54,0.226
04/27/2021 04:55:00,2.53,0.225
04/27/2021 05:00:00,2.53,0.225
04/27/2021 05:05:00,2.51,0.223
04/27/2021 05:10:00,2.53,0.225
04/27/2021 05:15:00,2.52,0.224
04/27/2021 05:20:00,2.52,0.224
04/27/2021 05:25:00,2.51,0.223
04/27/2021 05:30:00,2.53,0.225
04/27/2021 05:35:00,2.52,0.224
04/27/2021 05:40:00,2.51,0.223
04/27/2021 05:45:00,2.54,0.226
04/27/2021 05:50:00,2.56,0.227
04/27/2021 05:55:00,2.56,0.227
04/27/2021 06:00:00,2.55,0.227
04/27/2021 06:05:00,2.51,0.223
04/27/2021 06:10:00,2.56,0.227
04/27/2021 06:15:00,2.53,0.225
04/27/2021 06:20:00,2.51,0.223
04/27/2021 06:25:00,2.56,0.227
04/27/2021 06:30:00,2.56,0.227
04/27/2021 06:35:00,2.54,0.226
04/27/2021 06:40:00,2.55,0.227
04/27/2021 06:45:00,2.56,0.227
04/27/2021 06:50:00,2.55,0.227
04/27/2021 06:55:00,2.55,0.227
04/27/2021 07:00:00,2.54,0.226
04/27/2021 07:05:00,2.57,0.228
04/27/2021 07:10:00,2.54,0.226
04/27/2021 07:15:00,2.56,0.227
04/27/2021 07:20:00,2.54,0.226
04/27/2021 07:25:00,2.57,0.228
04/27/2021 07:30:00,2.59,0.230
04/27/2021 07:35:00,2.58,0.229
04/27/2021 07:40:00,2.60,0.231
04/27/2021 07:45:00,2.56,0.227
04/27/2021 07:50:00,2.57,0.228
04/27/2021 07:55:00,2.56,0.227
04/27/2021 08:00:00,2.57,0.228
04/27/2021 08:05:00,2.56,0.227
04/27/2021 08:10:00,2.56,0.227
04/27/2021 08:15:00,2.56,0.227
04/27/2021 08:20:00,2.56,0.227
04/27/2021 08:25:00,2.58,0.229
04/27/2021 08:30:00,2.56,0.227
04/27/2021 08:35:00,2.57,0.228
04/27/2021 08:40:00,2.57,0.228
04/27/2021 08:45:00,2.57,0.228
04/27/2021 08:50:00,2.56,0.227
04/27/2021 08:55:00,2.56,0.227
04/27/2021 09:00:00,2.57,0.228
04/27/2021 09:05:00,2.57,0.228
04/27/2021 09:10:00,2.56,0.227
04/27/2021 09:15:00,2.57,0.228
04/27/2021 09:20:00,2.57,0.228
04/27/2021 09:25:00,2.58,0.229
04/27/2021 09:30:00,2.55,0.227
04/27/2021 09:35:00,2.57,0.228
04/27/2021 09:40:00,2.54,0.226
04/27/2021 09:45:00,2.54,0.226
04/27/2021 09:50:00,2.54,0.226
04/27/2021 09:55:00,2.53,0.225
04/27/2021 10:00:00,2.52,0.224
04/27/2021 10:05:00,2.53,0.225
04/27/2021 10:10:00,2.49,0.221
04/27/2021 10:15:00,2.53,0.225
04/27/2021 10:20:00,2.56,0.227
04/27/2021 10:25:00,2.53,0.225
04/27/2021 10:30:00,2.55,0.227
04/27/2021 10:35:00,2.53,0.225
04/27/2021 10:40:00,2.57,0.228
04/27/2021 10:45:00,2.56,0.227
04/27/2021 10:50:00,2.54,0.226
04/27/2021 10:55:00,2.55,0.227
04/27/2021 11:00:00,2.55,0.227
04/27/2021 11:05:00,2.53,0.225
04/27/2021 11:10:00,2.51,0.223
04/27/2021 11:15:00,2.56,0.227
04/27/2021 11:20:00,2.55,0.227
04/27/2021 11:25:00,2.57,0.228
04/27/2021 11:30:00,2.54,0.226
04/27/2021 11:35:00,2.56,0.227
04/27/2021 11:40:00,2.56,0.227
04/27/2021 11:45:00,2.54,0.226
04/27/2021 11:50:00,2.54,0.226
04/27/2021 11:55:00,2.54,0.226
04/27/2021 12:00:00,2.54,0.226
04/27/2021 12:05:00,2.58,0.229
04/27/2021 12:10:00,2.55,0.227
04/27/2021 12:15:00,2.56,0.227
04/27/2021 12:20:00,2.54,0.226
04/27/2021 12:25:00,2.58,0.229
04/27/2021 12:30:00,2.56,0.227
04/27/2021 12:35:00,2.56,0.227
04/27/2021 12:40:00,2.56,0.227
04/27/2021 12:45:00,2.57,0.228
04/27/2021 12:50:00,2.53,0.225
04/27/2021 12:55:00,2.57,0.228
04/27/2021 13:00:00,2.56,0.227
04/27/2021 13:05:00,2.57,0.228
04/27/2021 13:10:00,2.59,0.230
04/27/2021 13:15:00,2.59,0.230
04/27/2021 13:20:00,2.57,0.228
04/27/2021 13:25:00,2.54,0.226
04/27/2021 13:30:00,2.57,0.228
04/27/2021 13:35:00,2.54,0.226
04/27/2021 13:40:00,2.56,0.227
04/27/2021 13:45:00,2.56,0.227
04/27/2021 13:50:00,2.59,0.230
04/27/2021 13:55:00,2.55,0.227
04/27/2021 14:00:00,2.55,0.227
04/27/2021 14:05:00,2.56,0.227
04/27/2021 14:10:00,2.59,0.230
04/27/2021 14:15:00,2.57,0.228
04/27/2021 14:20:00,2.58,0.229
04/27/2021 14:25:00,2.59,0.230
04/27/2021 14:30:00,2.57,0.228
04/27/2021 14:35:00,2.57,0.228
04/27/2021 14:40:00,2.57,0.228
04/27/2021 14:45:00,2.57,0.228
04/27/2021 14:50:00,2.56,0.227
04/27/2021 14:55:00,2.57,0.228
04/27/2021 15:00:00,2.57,0.228
04/27/2021 15:05:00,2.56,0.227
04/27/2021 15:10:00,2.58,0.229
04/27/2021 15:15:00,2.54,0.226
04/27/2021 15:20:00,2.57,0.228
04/27/2021 15:25:00,2.58,0.229
04/27/2021 15:30:00,2.56,0.227
04/27/2021 15:35:00,2.51,0.223
04/27/2021 15:40:00,2.54,0.226
04/27/2021 15:45:00,2.55,0.227
04/27/2021 15:50:00,2.55,0.227
04/27/2021 15:55:00,2.56,0.227
04/27/2021 16:00:00,2.55,0.227
04/27/2021 16:05:00,2.55,0.227
04/27/2021 16:10:00,2.56,0.227
04/27/2021 16:15:00,2.56,0.227
04/27/2021 16:20:00,2.55,0.227
04/27/2021 16:25:00,2.56,0.227
04/27/2021 16:30:00,2.55,0.227
04/27/2021 16:35:00,2.59,0.230
04/27/2021 16:40:00,2.54,0.226
04/27/2021 16:45:00,2.56,0.227
04/27/2021 16:50:00,2.53,0.225
04/27/2021 16:55:00,2.57,0.228
04/27/2021 17:00:00,2.52,0.224
04/27/2021 17:05:00,2.53,0.225
04/27/2021 17:10:00,2.54,0.226
04/27/2021 17:15:00,2.55,0.227
04/27/2021 17:20:00,2.54,0.226
04/27/2021 17:25:00,2.56,0.227
04/27/2021 17:30:00,2.56,0.227
04/27/2021 17:35:00,2.57,0.228
04/27/2021 17:40:00,2.56,0.227
04/27/2021 17:45:00,2.57,0.228
04/27/2021 17:50:00,2.54,0.226
04/27/2021 17:55:00,2.53,0.225
04/27/2021 18:00:00,2.54,0.226
04/27/2021 18:05:00,2.51,0.223
04/27/2021 18:10:00,2.57,0.228
04/27/2021 18:15:00,2.54,0.226
04/27/2021 18:20:00,2.53,0.225
04/27/2021 18:25:00,2.53,0.225
04/27/2021 18:30:00,2.55,0.227
04/27/2021 18:35:00,2.54,0.226
04/27/2021 18:40:00,2.54,0.226
04/27/2021 18:45:00,2.57,0.228
04/27/2021 18:50:00,2.51,0.223
04/27/2021 18:55:00,2.55,0.227
04/27/2021 19:00:00,2.53,0.225
04/27/2021 19:05:00,2.53,0.225
04/27/2021 19:10:00,2.53,0.225
04/27/2021 19:15:00,2.56,0.227
04/27/2021 19:20:00,2.53,0.225
04/27/2021 19:25:00,2.56,0.227
04/27/2021 19:30:00,2.53,0.225
04/27/2021 19:35:00,2.54,0.226
04/27/2021 19:40:00,2.50,0.222
04/27/2021 19:45:00,2.54,0.226
04/27/2021 19:50:00,2.50,0.222
04/27/2021 19:55:00,2.55,0.227
04/27/2021 20:00:00,2.51,0.223
04/27/2021 20:05:00,2.53,0.225
04/27/2021 20:10:00,2.52,0.224
04/27/2021 20:15:00,2.54,0.226
04/27/2021 20:20:00,2.51,0.223
04/27/2021 20:25:00,2.50,0.222
04/27/2021 20:30:00,2.51,0.223
04/27/2021 20:35:00,2.52,0.224
04/27/2021 20:40:00,2.51,0.223
04/27/2021 20:45:00,2.52,0.224
04/27/2021 20:50:00,2.54,0.226
04/27/2021 20:55:00,2.54,0.226
04/27/2021 21:00:00,2.53,0.225
04/27/2021 21:05:00,2.53,0.225
04/27/2021 21:10:00,2.53,0.225
04/27/2021 21:15:00,2.50,0.222
04/27/2021 21:20:00,2.54,0.226
04/27/2021 21:25:00,2.53,0.225
04/27/2021 21:30:00,2.53,0.225
04/27/2021 21:35:00,2.54,0.226
04/27/2021 21:40:00,2.53,0.225
04/27/2021 21:45:00,2.51,0.223
04/27/2021 21:50:00,2.54,0.226
04/27/2021 21:55:00,2.53,0.225
04/27/2021 22:00:00,2.53,0.225
04/27/2021 22:05:00,2.51,0.223
04/27/2021 22:10:00,2.53,0.225
04/27/2021 22:15:00,2.50,0.222
04/27/2021 22:20:00,2.50,0.222
04/27/2021 22:25:00,2.51,0.223
04/27/2021 22:30:00,2.51,0.223
04/27/2021 22:35:00,2.51,0.223
04/27/2021 22:40:00,2.53,0.225
04/27/2021 22:45:00,2.53,0.225
04/27/2021 22:50:00,2.53,0.225
04/27/2021 22:55:00,2.53,0.225
04/27/2021 23:00:00,2.54,0.226
04/27/2021 23:05:00,2.51,0.223
04/27/2021 23:10:00,2.54,0.226
04/27/2021 23:15:00,2.54,0.226
04/27/2021 23:20:00,2.53,0.225
04/27/2021 23:25:00,2.51,0.223
04/27/2021 23:30:00,2.54,0.226
04/27/2021 23:35:00,2.51,0.223
04/27/2021 23:40:00,2.50,0.222
04/27/2021 23:45:00,2.49,0.221
04/27/2021 23:50:00,2.48,0.220
04/27/2021 23:55:00,2.47,0.219
04/28/2021 00:00:00,2.51,0.223
04/28/2021 00:05:00,2.50,0.222
04/28/2021 00:10:00,2.51,0.223
04/28/2021 00:15:00,2.53,0.225
04/28/2021 00:20:00,2.50,0.222
04/28/2021 00:25:00,2.50,0.222
04/28/2021 00:30:00,2.52,0.224
04/28/2021 00:35:00,2.50,0.222
04/28/2021 00:40:00,2.50,0.222
04/28/2021 00:45:00,2.51,0.223
04/28/2021 00:50:00,2.52,0.224
04/28/2021 00:55:00,2.50,0.222
04/28/2021 01:00:00,2.54,0.226
04/28/2021 01:05:00,2.52,0.224
04/28/2021 01:10:00,2.51,0.223
04/28/2021 01:15:00,2.50,0.222
04/28/2021 01:20:00,2.52,0.224
04/28/2021 01:25:00,2.51,0.223
04/28/2021 01:30:00,2.50,0.222
04/28/2021 01:35:00,2.51,0.223
04/28/2021 01:40:00,2.50,0.222
04/28/2021 01:45:00,2.51,0.223
04/28/2021 01:50:00,2.51,0.223
04/28/2021 01:55:00,2.49,0.221
04/28/2021 02:00:00,2.52,0.224
04/28/2021 02:05:00,2.48,0.220
04/28/2021 02:10:00,2.50,0.222
04/28/2021 02:15:00,2.50,0.222
04/28/2021 02:20:00,2.48,0.220
04/28/2021 02:25:00,2.50,0.222
04/28/2021 02:30:00,2.54,0.226
04/28/2021 02:35:00,2.51,0.223
04/28/2021 02:40:00,2.49,0.221
04/28/2021 02:45:00,2.51,0.223
04/28/2021 02:50:00,2.45,0.218
04/28/2021 02:55:00,2.50,0.222
04/28/2021 03:00:00,2.50,0.222
04/28/2021 03:05:00,2.48,0.220
04/28/2021 03:10:00,2.51,0.223
04/28/2021 03:15:00,2.51,0.223
04/28/2021 03:20:00,2.49,0.221
04/28/2021 03:25:00,2.46,0.218
04/28/2021 03:30:00,2.46,0.218
04/28/2021 03:35:00,2.46,0.218
04/28/2021 03:40:00,2.51,0.223
04/28/2021 03:45:00,2.48,0.220
04/28/2021 03:50:00,2.51,0.223
04/28/2021 03:55:00,2.48,0.220
04/28/2021 04:00:00,2.48,0.220
04/28/2021 04:05:00,2.47,0.219
04/28/2021 04:10:00,2.49,0.221
04/28/2021 04:15:00,2.50,0.222
04/28/2021 04:20:00,2.48,0.220
04/28/2021 04:25:00,2.49,0.221
04/28/2021 04:30:00,2.48,0.220
04/28/2021 04:35:00,2.51,0.223
04/28/2021 04:40:00,2.48,0.220
04/28/2021 04:45:00,2.51,0.223
04/28/2021 04:50:00,2.48,0.220
04/28/2021 04:55:00,2.47,0.219
04/28/2021 05:00:00,2.48,0.220
04/28/2021 05:05:00,2.47,0.219
04/28/2021 05:10:00,2.51,0.223
04/28/2021 05:15:00,2.50,0.222
04/28/2021 05:20:00,2.49,0.221
04/28/2021 05:25:00,2.47,0.219
04/28/2021 05:30:00,2.47,0.219
04/28/2021 05:35:00,2.48,0.220
04/28/2021 05:40:00,2.48,0.220
04/28/2021 05:45:00,2.49,0.221
04/28/2021 05:50:00,2.50,0.222
04/28/2021 05:55:00,2.49,0.221
04/28/2021 06:00:00,2.50,0.222
04/28/2021 06:05:00,2.48,0.220
04/28/2021 06:10:00,2.49,0.221
04/28/2021 06:15:00,2.49,0.221
04/28/2021 06:20:00,2.51,0.223
04/28/2021 06:25:00,2.47,0.219
04/28/2021 06:30:00,2.47,0.219
04/28/2021 06:35:00,2.48,0.220
04/28/2021 06:40:00,2.46,0.218
04/28/2021 06:45:00,2.47,0.219
04/28/2021 06:50:00,2.53,0.225
04/28/2021 06:55:00,2.51,0.223
04/28/2021 07:00:00,2.50,0.222
04/28/2021 07:05:00,2.51,0.223
04/28/2021 07:10:00,2.49,0.221
04/28/2021 07:15:00,2.50,0.222
04/28/2021 07:20:00,2.54,0.226
04/28/2021 07:25:00,2.53,0.225
04/28/2021 07:30:00,2.56,0.227
04/28/2021 07:35:00,2.53,0.225
04/28/2021 07:40:00,2.51,0.223
04/28/2021 07:45:00,2.53,0.225
04/28/2021 07:50:00,2.54,0.226
04/28/2021 07:55:00,2.56,0.227
04/28/2021 08:00:00,2.53,0.225
04/28/2021 08:05:00,2.53,0.225
04/28/2021 08:10:00,2.54,0.226
04/28/2021 08:15:00,2.54,0.226
04/28/2021 08:20:00,2.53,0.225
04/28/2021 08:25:00,2.53,0.225
04/28/2021 08:30:00,2.54,0.226
04/28/2021 08:35:00,2.53,0.225
04/28/2021 08:40:00,2.53,0.225
04/28/2021 08:45:00,2.50,0.222
04/28/2021 08:50:00,2.53,0.225
04/28/2021 08:55:00,2.50,0.222
04/28/2021 09:00:00,2.55,0.227
04/28/2021 09:05:00,2.53,0.225
04/28/2021 09:10:00,2.54,0.226
04/28/2021 09:15:00,2.54,0.226
04/28/2021 09:20:00,2.55,0.227
04/28/2021 09:25:00,2.52,0.224
04/28/2021 09:30:00,2.54,0.226
04/28/2021 09:35:00,2.53,0.225
04/28/2021 09:40:00,2.50,0.222
04/28/2021 09:45:00,2.52,0.224
04/28/2021 09:50:00,2.48,0.220
04/28/2021 09:55:00,2.50,0.222
04/28/2021 10:00:00,2.53,0.225
04/28/2021 10:05:00,2.51,0.223
04/28/2021 10:10:00,2.51,0.223
04/28/2021 10:15:00,2.49,0.221
04/28/2021 10:20:00,2.50,0.222
04/28/2021 10:25:00,2.48,0.220
04/28/2021 10:30:00,2.50,0.222
04/28/2021 10:35:00,2.47,0.219
04/28/2021 10:40:00,2.48,0.220
04/28/2021 10:45:00,2.49,0.221
04/28/2021 10:50:00,2.48,0.220
04/28/2021 10:55:00,2.48,0.220
04/28/2021 11:00:00,2.48,0.220
04/28/2021 11:05:00,2.43,0.216
04/28/2021 11:10:00,2.46,0.218
04/28/2021 11:15:00,2.47,0.219
04/28/2021 11:20:00,2.45,0.218
04/28/2021 11:25:00,2.46,0.218
04/28/2021 11:30:00,2.46,0.218
04/28/2021 11:35:00,2.47,0.219
04/28/2021 11:40:00,2.44,0.217
04/28/2021 11:45:00,2.44,0.217
04/28/2021 11:50:00,2.47,0.219
04/28/2021 11:55:00,2.48,0.220
04/28/2021 12:00:00,2.47,0.219
04/28/2021 12:05:00,2.48,0.220
04/28/2021 12:10:00,2.47,0.219
04/28/2021 12:15:00,2.49,0.221
04/28/2021 12:20:00,2.47,0.219
04/28/2021 12:25:00,2.48,0.220
04/28/2021 12:30:00,2.48,0.220
04/28/2021 12:35:00,2.48,0.220
04/28/2021 12:40:00,2.50,0.222
04/28/2021 12:45:00,2.47,0.219
04/28/2021 12:50:00,2.48,0.220
04/28/2021 12:55:00,2.47,0.219
04/28/2021 13:00:00,2.48,0.220
04/28/2021 13:05:00,2.50,0.222
04/28/2021 13:10:00,2.46,0.218
04/28/2021 13:15:00,2.49,0.221
04/28/2021 13:20:00,2.45,0.218
04/28/2021 13:25:00,2.50,0.222
04/28/2021 13:30:00,2.50,0.222
04/28/2021 13:35:00,2.49,0.221
04/28/2021 13:40:00,2.45,0.218
04/28/2021 13:45:00,2.48,0.220
04/28/2021 13:50:00,2.49,0.221
04/28/2021 13:55:00,2.44,0.217
04/28/2021 14:00:00,2.48,0.220
04/28/2021 14:05:00,2.48,0.220
04/28/2021 14:10:00,2.48,0.220
04/28/2021 14:15:00,2.47,0.219
04/28/2021 14:20:00,2.47,0.219
04/28/2021 14:25:00,2.44,0.217
04/28/2021 14:30:00,2.46,0.218
04/28/2021 14:35:00,2.45,0.218
04/28/2021 14:40:00,2.45,0.218
04/28/2021 14:45:00,2.47,0.219
04/28/2021 14:50:00,2.45,0.218
04/28/2021 14:55:00,2.45,0.218
04/28/2021 15:00:00,2.44,0.217
04/28/2021 15:05:00,2.47,0.219
04/28/2021 15:10:00,2.44,0.217
04/28/2021 15:15:00,2.47,0.219
04/28/2021 15:20:00,2.45,0.218
04/28/2021 15:25:00,2.47,0.219
04/28/2021 15:30:00,2.45,0.218
04/28/2021 15:35:00,2.46,0.218
04/28/2021 15:40:00,2.42,0.215
04/28/2021 15:45:00,2.44,0.217
04/28/2021 15:50:00,2.46,0.218
04/28/2021 15:55:00,2.44,0.217
04/28/2021 16:00:00,2.45,0.218
04/28/2021 16:05:00,2.44,0.217
04/28/2021 16:10:00,2.42,0.215
04/28/2021 16:15:00,2.43,0.216
04/28/2021 16:20:00,2.44,0.217
04/28/2021 16:25:00,2.44,0.217
04/28/2021 16:30:00,2.45,0.218
04/28/2021 16:35:00,2.42,0.215
04/28/2021 16:40:00,2.42,0.215
04/28/2021 16:45:00,2.45,0.218
04/28/2021 16:50:00,2.43,0.216
04/28/2021 16:55:00,2.45,0.218
04/28/2021 17:00:00,2.47,0.219
04/28/2021 17:05:00,2.44,0.217
04/28/2021 17:10:00,2.42,0.215
04/28/2021 17:15:00,2.44,0.217
04/28/2021 17:20:00,2.45,0.218
04/28/2021 17:25:00,2.44,0.217
04/28/2021 17:30:00,2.48,0.220
04/28/2021 17:35:00,2.45,0.218
04/28/2021 17:40:00,2.44,0.217
04/28/2021 17:45:00,2.44,0.217
04/28/2021 17:50:00,2.44,0.217
04/28/2021 17:55:00,2.40,0.213
04/28/2021 18:00:00,2.45,0.218
04/28/2021 18:05:00,2.46,0.218
04/28/2021 18:10:00,2.46,0.218
04/28/2021 18:15:00,2.46,0.218
04/28/2021 18:20:00,2.43,0.216
04/28/2021 18:25:00,2.44,0.217
04/28/2021 18:30:00,2.44,0.217
04/28/2021 18:35:00,2.47,0.219
04/28/2021 18:40:00,2.44,0.217
04/28/2021 18:45:00,2.45,0.218
04/28/2021 18:50:00,2.45,0.218
04/28/2021 18:55:00,2.45,0.218
04/28/2021 19:00:00,2.44,0.217
04/28/2021 19:05:00,2.47,0.219
04/28/2021 19:10:00,2.42,0.215
04/28/2021 19:15:00,2.44,0.217
04/28/2021 19:20:00,2.40,0.213
04/28/2021 19:25:00,2.42,0.215
04/28/2021 19:30:00,2.42,0.215
04/28/2021 19:35:00,2.42,0.215
04/28/2021 19:40:00,2.43,0.216
04/28/2021 19:45:00,2.45,0.218
04/28/2021 19:50:00,2.43,0.216
04/28/2021 19:55:00,2.41,0.214
04/28/2021 20:00:00,2.44,0.217
04/28/2021 20:05:00,2.42,0.215
04/28/2021 20:10:00,2.40,0.213
04/28/2021 20:15:00,2.43,0.216
04/28/2021 20:20:00,2.45,0.218
04/28/2021 20:25:00,2.42,0.215
04/28/2021 20:30:00,2.45,0.218
04/28/2021 20:35:00,2.44,0.217
04/28/2021 20:40:00,2.40,0.213
04/28/2021 20:45:00,2.45,0.218
04/28/2021 20:50:00,2.42,0.215
04/28/2021 20:55:00,2.43,0.216
04/28/2021 21:00:00,2.42,0.215
04/28/2021 21:05:00,2.42,0.215
04/28/2021 21:10:00,2.43,0.216
04/28/2021 21:15:00,2.43,0.216
04/28/2021 21:20:00,2.43,0.216
04/28/2021 21:25:00,2.45,0.218
04/28/2021 21:30:00,2.40,0.213
04/28/2021 21:35:00,2.42,0.215
04/28/2021 21:40:00,2.43,0.216
04/28/2021 21:45:00,2.43,0.216
04/28/2021 21:50:00,2.41,0.214
04/28/2021 21:55:00,2.41,0.214
04/28/2021 22:00:00,2.42,0.215
04/28/2021 22:05:00,2.41,0.214
04/28/2021 22:10:00,2.42,0.215
04/28/2021 22:15:00,2.44,0.217
04/28/2021 22:20:00,2.42,0.215
04/28/2021 22:25:00,2.40,0.213
04/28/2021 22:30:00,2.39,0.212
04/28/2021 22:35:00,2.42,0.215
04/28/2021 22:40:00,2.42,0.215
04/28/2021 22:45:00,2.43,0.216
04/28/2021 22:50:00,2.40,0.213
04/28/2021 22:55:00,2.40,0.213
04/28/2021 23:00:00,2.40,0.213
04/28/2021 23:05:00,2.40,0.213
04/28/2021 23:10:00,2.43,0.216
04/28/2021 23:15:00,2.43,0.216
04/28/2021 23:20:00,2.38,0.211
04/28/2021 23:25:00,2.41,0.214
04/28/2021 23:30:00,2.40,0.213
04/28/2021 23:35:00,2.41,0.214
04/28/2021 23:40:00,2.39,0.212
04/28/2021 23:45:00,2.44,0.217
04/28/2021 23:50:00,2.39,0.212
04/28/2021 23:55:00,2.41,0.214
04/29/2021 00:00:00,2.41,0.214
04/29/2021 00:05:00,2.41,0.214
04/29/2021 00:10:00,2.43,0.216
04/29/2021 00:15:00,2.43,0.216
04/29/2021 00:20:00,2.41,0.214
04/29/2021 00:25:00,2.42,0.215
04/29/2021 00:30:00,2.40,0.213
04/29/2021 00:35:00,2.40,0.213
04/29/2021 00:40:00,2.42,0.215
04/29/2021 00:45:00,2.43,0.216
04/29/2021 00:50:00,2.40,0.213
04/29/2021 00:55:00,2.42,0.215
04/29/2021 01:00:00,2.40,0.213
04/29/2021 01:05:00,2.42,0.215
04/29/2021 01:10:00,2.43,0.216
04/29/2021 01:15:00,2.43,0.216
04/29/2021 01:20:00,2.43,0.216
04/29/2021 01:25:00,2.43,0.216
04/29/2021 01:30:00,2.44,0.217
04/29/2021 01:35:00,2.43,0.216
04/29/2021 01:40:00,2.40,0.213
04/29/2021 01:45:00,2.39,0.212
04/29/2021 01:50:00,2.43,0.216
04/29/2021 01:55:00,2.41,0.214
04/29/2021 02:00:00,2.41,0.214
04/29/2021 02:05:00,2.42,0.215
04/29/2021 02:10:00,2.42,0.215
04/29/2021 02:15:00,2.45,0.218
04/29/2021 02:20:00,2.42,0.215
04/29/2021 02:25:00,2.42,0.215
04/29/2021 02:30:00,2.42,0.215
04/29/2021 02:35:00,2.42,0.215
04/29/2021 02:40:00,2.42,0.215
04/29/2021 02:45:00,2.40,0.213
04/29/2021 02:50:00,2.40,0.213
04/29/2021 02:55:00,2.43,0.216
04/29/2021 03:00:00,2.41,0.214
04/29/2021 03:05:00,2.39,0.212
04/29/2021 03:10:00,2.38,0.211
04/29/2021 03:15:00,2.42,0.215
04/29/2021 03:20:00,2.39,0.212
04/29/2021 03:25:00,2.39,0.212
04/29/2021 03:30:00,2.40,0.213
04/29/2021 03:35:00,2.37,0.210
04/29/2021 03:40:00,2.40,0.213
04/29/2021 03:45:00,2.39,0.212
04/29/2021 03:50:00,2.39,0.212
04/29/2021 03:55:00,2.40,0.213
04/29/2021 04:00:00,2.38,0.211
04/29/2021 04:05:00,2.40,0.213
04/29/2021 04:10:00,2.41,0.214
04/29/2021 04:15:00,2.38,0.211
04/29/2021 04:20:00,2.39,0.212
04/29/2021 04:25:00,2.39,0.212
04/29/2021 04:30:00,2.40,0.213
04/29/2021 04:35:00,2.39,0.212
04/29/2021 04:40:00,2.40,0.213
04/29/2021 04:45:00,2.36,0.209
04/29/2021 04:50:00,2.39,0.212
04/29/2021 04:55:00,2.38,0.211
04/29/2021 05:00:00,2.37,0.210
04/29/2021 05:05:00,2.36,0.209
04/29/2021 05:10:00,2.36,0.209
04/29/2021 05:15:00,2.39,0.212
04/29/2021 05:20:00,2.39,0.212
04/29/2021 05:25:00,2.37,0.210
04/29/2021 05:30:00,2.37,0.210
04/29/2021 05:35:00,2.37,0.210
04/29/2021 05:40:00,2.36,0.209
04/29/2021 05:45:00,2.34,0.208
04/29/2021 05:50:00,2.38,0.211
04/29/2021 05:55:00,2.36,0.209
04/29/2021 06:00:00,2.36,0.209
04/29/2021 06:05:00,2.41,0.214
04/29/2021 06:10:00,2.38,0.211
04/29/2021 06:15:00,2.37,0.210
04/29/2021 06:20:00,2.37,0.210
04/29/2021 06:25:00,2.39,0.212
04/29/2021 06:30:00,2.36,0.209
04/29/2021 06:35:00,2.37,0.210
04/29/2021 06:40:00,2.37,0.210
04/29/2021 06:45:00,2.37,0.210
04/29/2021 06:50:00,2.37,0.210
04/29/2021 06:55:00,2.40,0.213
04/29/2021 07:00:00,2.36,0.209
04/29/2021 07:05:00,2.39,0.212
04/29/2021 07:10:00,2.39,0.212
04/29/2021 07:15:00,2.42,0.215
04/29/2021 07:20:00,2.34,0.208
04/29/2021 07:25:00,2.39,0.212
04/29/2021 07:30:00,2.40,0.213
04/29/2021 07:35:00,2.42,0.215
04/29/2021 07:40:00,2.41,0.214
04/29/2021 07:45:00,2.41,0.214
04/29/2021 07:50:00,2.42,0.215
04/29/2021 07:55:00,2.40,0.213
04/29/2021 08:00:00,2.42,0.215
04/29/2021 08:05:00,2.41,0.214
04/29/2021 08:10:00,2.40,0.213
04/29/2021 08:15:00,2.39,0.212
04/29/2021 08:20:00,2.40,0.213
04/29/2021 08:25:00,2.37,0.210
04/29/2021 08:30:00,2.37,0.210
04/29/2021 08:35:00,2.38,0.211
04/29/2021 08:40:00,2.40,0.213
04/29/2021 08:45:00,2.36,0.209
04/29/2021 08:50:00,2.36,0.209
04/29/2021 08:55:00,2.37,0.210
04/29/2021 09:00:00,2.36,0.209
04/29/2021 09:05:00,2.36,0.209
04/29/2021 09:10:00,2.34,0.208
04/29/2021 09:15:00,2.34,0.208
04/29/2021 09:20:00,2.34,0.208
04/29/2021 09:25:00,2.34,0.208
04/29/2021 09:30:00,2.34,0.208
04/29/2021 09:35:00,2.34,0.208
04/29/2021 09:40:00,2.32,0.206
04/29/2021 09:45:00,2.32,0.206
04/29/2021 09:50:00,2.29,0.203
04/29/2021 09:55:00,2.31,0.205
04/29/2021 10:00:00,2.31,0.205
04/29/2021 10:05:00,2.28,0.202
04/29/2021 10:10:00,2.30,0.204
04/29/2021 10:15:00,2.30,0.204
04/29/2021 10:20:00,2.27,0.201
04/29/2021 10:25:00,2.28,0.202
04/29/2021 10:30:00,2.25,0.200
04/29/2021 10:35:00,2.25,0.200
04/29/2021 10:40:00,2.28,0.202
04/29/2021 10:45:00,2.26,0.200
04/29/2021 10:50:00,2.27,0.201
04/29/2021 10:55:00,2.26,0.200
04/29/2021 11:00:00,2.27,0.201
04/29/2021 11:05:00,2.26,0.200
04/29/2021 11:10:00,2.27,0.201
04/29/2021 11:15:00,2.26,0.200
04/29/2021 11:20:00,2.27,0.201
04/29/2021 11:25:00,2.24,0.199
04/29/2021 11:30:00,2.22,0.197
04/29/2021 11:35:00,2.24,0.199
04/29/2021 11:40:00,2.24,0.199
04/29/2021 11:45:00,2.25,0.200
04/29/2021 11:50:00,2.23,0.198
04/29/2021 11:55:00,2.22,0.197
04/29/2021 12:00:00,2.24,0.199
04/29/2021 12:05:00,2.24,0.199
04/29/2021 12:10:00,2.24,0.199
04/29/2021 12:15:00,2.22,0.197
04/29/2021 12:20:00,2.22,0.197
04/29/2021 12:25:00,2.25,0.200
04/29/2021 12:30:00,2.27,0.201
04/29/2021 12:35:00,2.24,0.199
04/29/2021 12:40:00,2.26,0.200
04/29/2021 12:45:00,2.30,0.204
04/29/2021 12:50:00,2.26,0.200
04/29/2021 12:55:00,2.26,0.200
04/29/2021 13:00:00,2.27,0.201
04/29/2021 13:05:00,2.23,0.198
04/29/2021 13:10:00,2.25,0.200
04/29/2021 13:15:00,2.25,0.200
04/29/2021 13:20:00,2.27,0.201
04/29/2021 13:25:00,2.24,0.199
04/29/2021 13:30:00,2.26,0.200
04/29/2021 13:35:00,2.23,0.198
04/29/2021 13:40:00,2.25,0.200
04/29/2021 13:45:00,2.25,0.200
04/29/2021 13:50:00,2.24,0.199
04/29/2021 13:55:00,2.26,0.200
04/29/2021 14:00:00,2.24,0.199
04/29/2021 14:05:00,2.24,0.199
04/29/2021 14:10:00,2.27,0.201
04/29/2021 14:15:00,2.24,0.199
04/29/2021 14:20:00,2.23,0.198
04/29/2021 14:25:00,2.25,0.200
04/29/2021 14:30:00,2.22,0.197
04/29/2021 14:35:00,2.23,0.198
04/29/2021 14:40:00,2.24,0.199
04/29/2021 14:45:00,2.24,0.199
04/29/2021 14:50:00,2.22,0.197
04/29/2021 14:55:00,2.24,0.199
04/29/2021 15:00:00,2.20,0.195
04/29/2021 15:05:00,2.22,0.197
04/29/2021 15:10:00,2.20,0.195
04/29/2021 15:15:00,2.19,0.194
04/29/2021 15:20:00,2.21,0.196
04/29/2021 15:25:00,2.21,0.196
04/29/2021 15:30:00,2.22,0.197
04/29/2021 15:35:00,2.22,0.197
04/29/2021 15:40:00,2.19,0.194
04/29/2021 15:45:00,2.24,0.199
04/29/2021 15:50:00,2.19,0.194
04/29/2021 15:55:00,2.22,0.197
04/29/2021 16:00:00,2.21,0.196
04/29/2021 16:05:00,2.20,0.195
04/29/2021 16:10:00,2.23,0.198
04/29/2021 16:15:00,2.24,0.199
04/29/2021 16:20:00,2.20,0.195
04/29/2021 16:25:00,2.22,0.197
04/29/2021 16:30:00,2.22,0.197
04/29/2021 16:35:00,2.22,0.197
04/29/2021 16:40:00,2.19,0.194
04/29/2021 16:45:00,2.21,0.196
04/29/2021 16:50:00,2.21,0.196
04/29/2021 16:55:00,2.21,0.196
04/29/2021 17:00:00,2.21,0.196
04/29/2021 17:05:00,2.22,0.197
04/29/2021 17:10:00,2.20,0.195
04/29/2021 17:15:00,2.23,0.198
04/29/2021 17:20:00,2.23,0.198
04/29/2021 17:25:00,2.22,0.197
04/29/2021 17:30:00,2.21,0.196
04/29/2021 17:35:00,2.21,0.196
04/29/2021 17:40:00,2.23,0.198
04/29/2021 17:45:00,2.21,0.196
04/29/2021 17:50:00,2.20,0.195
04/29/2021 17:55:00,2.19,0.194
04/29/2021 18:00:00,2.24,0.199
04/29/2021 18:05:00,2.19,0.194
04/29/2021 18:10:00,2.18,0.193
04/29/2021 18:15:00,2.21,0.196
04/29/2021 18:20:00,2.21,0.196
04/29/2021 18:25:00,2.24,0.199
04/29/2021 18:30:00,2.21,0.196
04/29/2021 18:35:00,2.20,0.195
04/29/2021 18:40:00,2.24,0.199
04/29/2021 18:45:00,2.25,0.200
04/29/2021 18:50:00,2.21,0.196
04/29/2021 18:55:00,2.23,0.198
04/29/2021 19:00:00,2.25,0.200
04/29/2021 19:05:00,2.23,0.198
04/29/2021 19:10:00,2.24,0.199
04/29/2021 19:15:00,2.22,0.197
04/29/2021 19:20:00,2.22,0.197
04/29/2021 19:25:00,2.22,0.197
04/29/2021 19:30:00,2.24,0.199
04/29/2021 19:35:00,2.22,0.197
04/29/2021 19:40:00,2.20,0.195
04/29/2021 19:45:00,2.23,0.198
04/29/2021 19:50:00,2.22,0.197
04/29/2021 19:55:00,2.24,0.199
04/29/2021 20:00:00,2.21,0.196
04/29/2021 20:05:00,2.22,0.197
04/29/2021 20:10:00,2.19,0.194
04/29/2021 20:15:00,2.22,0.197
04/29/2021 20:20:00,2.24,0.199
04/29/2021 20:25:00,2.23,0.198
04/29/2021 20:30:00,2.25,0.200
04/29/2021 20:35:00,2.22,0.197
04/29/2021 20:40:00,2.21,0.196
04/29/2021 20:45:00,2.24,0.199
04/29/2021 20:50:00,2.23,0.198
04/29/2021 20:55:00,2.23,0.198
04/29/2021 21:00:00,2.25,0.200
04/29/2021 21:05:00,2.23,0.198
04/29/2021 21:10:00,2.26,0.200
04/29/2021 21:15:00,2.24,0.199
04/29/2021 21:20:00,2.25,0.200
04/29/2021 21:25:00,2.23,0.198
04/29/2021 21:30:00,2.25,0.200
04/29/2021 21:35:00,2.21,0.196
04/29/2021 21:40:00,2.24,0.199
04/29/2021 21:45:00,2.24,0.199
04/29/2021 21:50:00,2.20,0.195
04/29/2021 21:55:00,2.22,0.197
04/29/2021 22:00:00,2.22,0.197
04/29/2021 22:05:00,2.22,0.197
04/29/2021 22:10:00,2.24,0.199
04/29/2021 22:15:00,2.27,0.201
04/29/2021 22:20:00,2.27,0.201
04/29/2021 22:25:00,2.26,0.200
04/29/2021 22:30:00,2.25,0.200
04/29/2021 22:35:00,2.26,0.200
04/29/2021 22:40:00,2.22,0.197
04/29/2021 22:45:00,2.24,0.199
04/29/2021 22:50:00,2.24,0.199
04/29/2021 22:55:00,2.25,0.200
04/29/2021 23:00:00,2.23,0.198
04/29/2021 23:05:00,2.24,0.199
04/29/2021 23:10:00,2.23,0.198
04/29/2021 23:15:00,2.22,0.197
04/29/2021 23:20:00,2.24,0.199
04/29/2021 23:25:00,2.24,0.199
04/29/2021 23:30:00,2.27,0.201
04/29/2021 23:35:00,2.24,0.199
04/29/2021 23:40:00,2.27,0.201
04/29/2021 23:45:00,2.28,0.202
04/29/2021 23:50:00,2.26,0.200
04/29/2021 23:55:00,2.25,0.200
04/30/2021 00:00:00,2.26,0.200
04/30/2021 00:05:00,2.22,0.197
04/30/2021 00:10:00,2.25,0.200
04/30/2021 00:15:00,2.25,0.200
04/30/2021 00:20:00,2.27,0.201
04/30/2021 00:25:00,2.28,0.202
04/30/2021 00:30:00,2.22,0.197
04/30/2021 00:35:00,2.25,0.200
04/30/2021 00:40:00,2.24,0.199
04/30/2021 00:45:00,2.27,0.201
04/30/2021 00:50:00,2.27,0.201
04/30/2021 00:55:00,2.23,0.198
04/30/2021 01:00:00,2.26,0.200
04/30/2021 01:05:00,2.24,0.199
04/30/2021 01:10:00,2.24,0.199
04/30/2021 01:15:00,2.26,0.200
04/30/2021 01:20:00,2.24,0.199
04/30/2021 01:25:00,2.24,0.199
04/30/2021 01:30:00,2.22,0.197
04/30/2021 01:35:00,2.24,0.199
04/30/2021 01:40:00,2.22,0.197
04/30/2021 01:45:00,2.24,0.199
04/30/2021 01:50:00,2.22,0.197
04/30/2021 01:55:00,2.25,0.200
04/30/2021 02:00:00,2.24,0.199
04/30/2021 02:05:00,2.22,0.197
04/30/2021 02:10:00,2.25,0.200
04/30/2021 02:15:00,2.25,0.200
04/30/2021 02:20:00,2.25,0.200
04/30/2021 02:25:00,2.24,0.199
04/30/2021 02:30:00,2.25,0.200
04/30/2021 02:35:00,2.27,0.201
04/30/2021 02:40:00,2.28,0.202
04/30/2021 02:45:00,2.25,0.200
04/30/2021 02:50:00,2.24,0.199
04/30/2021 02:55:00,2.28,0.202
04/30/2021 03:00:00,2.23,0.198
04/30/2021 03:05:00,2.23,0.198
04/30/2021 03:10:00,2.29,0.203
04/30/2021 03:15:00,2.24,0.199
04/30/2021 03:20:00,2.28,0.202
04/30/2021 03:25:00,2.27,0.201
04/30/2021 03:30:00,2.26,0.200
04/30/2021 03:35:00,2.26,0.200
04/30/2021 03:40:00,2.25,0.200
04/30/2021 03:45:00,2.24,0.199
04/30/2021 03:50:00,2.30,0.204
04/30/2021 03:55:00,2.25,0.200
04/30/2021 04:00:00,2.27,0.201
04/30/2021 04:05:00,2.26,0.200
04/30/2021 04:10:00,2.27,0.201
04/30/2021 04:15:00,2.31,0.205
04/30/2021 04:20:00,2.28,0.202
04/30/2021 04:25:00,2.29,0.203
04/30/2021 04:30:00,2.28,0.202
04/30/2021 04:35:00,2.22,0.197
04/30/2021 04:40:00,2.28,0.202
04/30/2021 04:45:00,2.27,0.201
04/30/2021 04:50:00,2.25,0.200
04/30/2021 04:55:00,2.25,0.200
04/30/2021 05:00:00,2.26,0.200
04/30/2021 05:05:00,2.27,0.201
04/30/2021 05:10:00,2.27,0.201
04/30/2021 05:15:00,2.26,0.200
04/30/2021 05:20:00,2.27,0.201
04/30/2021 05:25:00,2.27,0.201
04/30/2021 05:30:00,2.25,0.200
04/30/2021 05:35:00,2.27,0.201
04/30/2021 05:40:00,2.28,0.202
04/30/2021 05:45:00,2.27,0.201
04/30/2021 05:50:00,2.28,0.202
04/30/2021 05:55:00,2.28,0.202
04/30/2021 06:00:00,2.26,0.200
04/30/2021 06:05:00,2.28,0.202
04/30/2021 06:10:00,2.27,0.201
04/30/2021 06:15:00,2.27,0.201
04/30/2021 06:20:00,2.27,0.201
04/30/2021 06:25:00,2.29,0.203
04/30/2021 06:30:00,2.25,0.200
04/30/2021 06:35:00,2.28,0.202
04/30/2021 06:40:00,2.28,0.202
04/30/2021 06:45:00,2.28,0.202
04/30/2021 06:50:00,2.28,0.202
04/30/2021 06:55:00,2.30,0.204
04/30/2021 07:00:00,2.31,0.205
04/30/2021 07:05:00,2.33,0.207
04/30/2021 07:10:00,2.30,0.204
04/30/2021 07:15:00,2.31,0.205
04/30/2021 07:20:00,2.33,0.207
04/30/2021 07:25:00,2.30,0.204
04/30/2021 07:30:00,2.31,0.205
04/30/2021 07:35:00,2.29,0.203
04/30/2021 07:40:00,2.31,0.205
04/30/2021 07:45:00,2.31,0.205
04/30/2021 07:50:00,2.33,0.207
04/30/2021 07:55:00,2.31,0.205
04/30/2021 08:00:00,2.31,0.205
04/30/2021 08:05:00,2.33,0.207
04/30/2021 08:10:00,2.30,0.204
04/30/2021 08:15:00,2.32,0.206
04/30/2021 08:20:00,2.31,0.205
04/30/2021 08:25:00,2.29,0.203
04/30/2021 08:30:00,2.30,0.204
04/30/2021 08:35:00,2.29,0.203
04/30/2021 08:40:00,2.25,0.200
04/30/2021 08:45:00,2.25,0.200
04/30/2021 08:50:00,2.27,0.201
04/30/2021 08:55:00,2.26,0.200
04/30/2021 09:00:00,2.26,0.200
04/30/2021 09:05:00,2.24,0.199
04/30/2021 09:10:00,2.24,0.199
04/30/2021 09:15:00,2.23,0.198
04/30/2021 09:20:00,2.24,0.199
04/30/2021 09:25:00,2.24,0.199
04/30/2021 09:30:00,2.21,0.196
04/30/2021 09:35:00,2.21,0.196
04/30/2021 09:40:00,2.22,0.197
04/30/2021 09:45:00,2.19,0.194
04/30/2021 09:50:00,2.21,0.196
04/30/2021 09:55:00,2.21,0.196
04/30/2021 10:00:00,2.18,0.193
04/30/2021 10:05:00,2.19,0.194
04/30/2021 10:10:00,2.19,0.194
04/30/2021 10:15:00,2.14,0.190
04/30/2021 10:20:00,2.18,0.193
04/30/2021 10:25:00,2.18,0.193
04/30/2021 10:30:00,2.21,0.196
04/30/2021 10:35:00,2.18,0.193
04/30/2021 10:40:00,2.17,0.192
04/30/2021 10:45:00,2.17,0.192
04/30/2021 10:50:00,2.19,0.194
04/30/2021 10:55:00,2.17,0.192
04/30/2021 11:00:00,2.18,0.193
04/30/2021 11:05:00,2.13,0.189
04/30/2021 11:10:00,2.16,0.191
04/30/2021 11:15:00,2.14,0.190
04/30/2021 11:20:00,2.16,0.191
04/30/2021 11:25:00,2.15,0.191
04/30/2021 11:30:00,2.13,0.189
04/30/2021 11:35:00,2.13,0.189
04/30/2021 11:40:00,2.12,0.188
04/30/2021 11:45:00,2.11,0.187
04/30/2021 11:50:00,2.13,0.189
04/30/2021 11:55:00,2.15,0.191
04/30/2021 12:00:00,2.12,0.188
04/30/2021 12:05:00,2.13,0.189
04/30/2021 12:10:00,2.14,0.190
04/30/2021 12:15:00,2.12,0.188
04/30/2021 12:20:00,2.13,0.189
04/30/2021 12:25:00,2.12,0.188
04/30/2021 12:30:00,2.14,0.190
04/30/2021 12:35:00,2.15,0.191
04/30/2021 12:40:00,2.12,0.188
04/30/2021 12:45:00,2.15,0.191
04/30/2021 12:50:00,2.12,0.188
04/30/2021 12:55:00,2.12,0.188
04/30/2021 13:00:00,2.13,0.189
04/30/2021 13:05:00,2.13,0.189
04/30/2021 13:10:00,2.13,0.189
04/30/2021 13:15:00,2.10,0.186
04/30/2021 13:20:00,2.09,0.185
04/30/2021 13:25:00,2.12,0.188
04/30/2021 13:30:00,2.15,0.191
04/30/2021 13:35:00,2.10,0.186
04/30/2021 13:40:00,2.10,0.186
04/30/2021 13:45:00,2.12,0.188
04/30/2021 13:50:00,2.12,0.188
04/30/2021 13:55:00,2.10,0.186
04/30/2021 14:00:00,2.08,0.184
04/30/2021 14:05:00,2.10,0.186
04/30/2021 14:10:00,2.09,0.185
04/30/2021 14:15:00,2.09,0.185
04/30/2021 14:20:00,2.07,0.183
04/30/2021 14:25:00,2.10,0.186
04/30/2021 14:30:00,2.10,0.186
04/30/2021 14:35:00,2.10,0.186
04/30/2021 14:40:00,2.08,0.184
04/30/2021 14:45:00,2.10,0.186
04/30/2021 14:50:00,2.11,0.187
04/30/2021 14:55:00,2.09,0.185
04/30/2021 15:00:00,2.08,0.184
04/30/2021 15:05:00,2.07,0.183
04/30/2021 15:10:00,2.10,0.186
04/30/2021 15:15:00,2.07,0.183
04/30/2021 15:20:00,2.08,0.184
04/30/2021 15:25:00,2.07,0.183
04/30/2021 15:30:00,2.08,0.184
04/30/2021 15:35:00,2.04,0.181
04/30/2021 15:40:00,2.07,0.183
04/30/2021 15:45:00,2.07,0.183
04/30/2021 15:50:00,2.04,0.181
04/30/2021 15:55:00,2.05,0.182
04/30/2021 16:00:00,2.09,0.185
04/30/2021 16:05:00,2.07,0.183
04/30/2021 16:10:00,2.09,0.185
04/30/2021 16:15:00,2.07,0.183
04/30/2021 16:20:00,2.08,0.184
04/30/2021 16:25:00,2.06,0.182
04/30/2021 16:30:00,2.08,0.184
04/30/2021 16:35:00,2.10,0.186
04/30/2021 16:40:00,2.08,0.184
04/30/2021 16:45:00,2.08,0.184
04/30/2021 16:50:00,2.08,0.184
04/30/2021 16:55:00,2.07,0.183
04/30/2021 17:00:00,2.09,0.185
04/30/2021 17:05:00,2.08,0.184
04/30/2021 17:10:00,2.11,0.187
04/30/2021 17:15:00,2.08,0.184
04/30/2021 17:20:00,2.10,0.186
04/30/2021 17:25:00,2.08,0.184
04/30/2021 17:30:00,2.08,0.184
04/30/2021 17:35:00,2.10,0.186
04/30/2021 17:40:00,2.10,0.186
04/30/2021 17:45:00,2.11,0.187
04/30/2021 17:50:00,2.09,0.185
04/30/2021 17:55:00,2.10,0.186
04/30/2021 18:00:00,2.11,0.187
04/30/2021 18:05:00,2.09,0.185
04/30/2021 18:10:00,2.11,0.187
04/30/2021 18:15:00,2.09,0.185
04/30/2021 18:20:00,2.10,0.186
04/30/2021 18:25:00,2.12,0.188
04/30/2021 18:30:00,2.12,0.188
04/30/2021 18:35:00,2.08,0.184
04/30/2021 18:40:00,2.08,0.184
04/30/2021 18:45:00,2.08,0.184
04/30/2021 18:50:00,2.12,0.188
04/30/2021 18:55:00,2.10,0.186
04/30/2021 19:00:00,2.08,0.184
04/30/2021 19:05:00,2.08,0.184
04/30/2021 19:10:00,2.10,0.186
04/30/2021 19:15:00,2.07,0.183
04/30/2021 19:20:00,2.08,0.184
04/30/2021 19:25:00,2.09,0.185
04/30/2021 19:30:00,2.08,0.184
04/30/2021 19:35:00,2.10,0.186
04/30/2021 19:40:00,2.10,0.186
04/30/2021 19:45:00,2.09,0.185
04/30/2021 19:50:00,2.11,0.187
04/30/2021 19:55:00,2.07,0.183
04/30/2021 20:00:00,2.08,0.184
04/30/2021 20:05:00,2.04,0.181
04/30/2021 20:10:00,2.10,0.186
04/30/2021 20:15:00,2.08,0.184
04/30/2021 20:20:00,2.08,0.184
04/30/2021 20:25:00,2.10,0.186
04/30/2021 20:30:00,2.08,0.184
04/30/2021 20:35:00,2.08,0.184
04/30/2021 20:40:00,2.11,0.187
04/30/2021 20:45:00,2.08,0.184
04/30/2021 20:50:00,2.09,0.185
04/30/2021 20:55:00,2.10,0.186
04/30/2021 21:00:00,2.10,0.186
04/30/2021 21:05:00,2.06,0.182
04/30/2021 21:10:00,2.03,0.180
04/30/2021 21:15:00,2.06,0.182
04/30/2021 21:20:00,2.06,0.182
04/30/2021 21:25:00,2.05,0.182
04/30/2021 21:30:00,2.01,0.178
04/30/2021 21:35:00,2.08,0.184
04/30/2021 21:40:00,2.09,0.185
04/30/2021 21:45:00,2.06,0.182
04/30/2021 21:50:00,2.07,0.183
04/30/2021 21:55:00,2.09,0.185
04/30/2021 22:00:00,2.05,0.182
04/30/2021 22:05:00,2.09,0.185
04/30/2021 22:10:00,2.08,0.184
04/30/2021 22:15:00,2.05,0.182
04/30/2021 22:20:00,2.08,0.184
04/30/2021 22:25:00,2.08,0.184
04/30/2021 22:30:00,2.07,0.183
04/30/2021 22:35:00,2.11,0.187
04/30/2021 22:40:00,2.08,0.184
04/30/2021 22:45:00,2.10,0.186
04/30/2021 22:50:00,2.08,0.184
04/30/2021 22:55:00,2.08,0.184
04/30/2021 23:00:00,2.06,0.182
04/30/2021 23:05:00,2.07,0.183
04/30/2021 23:10:00,2.08,0.184
04/30/2021 23:15:00,2.07,0.183
04/30/2021 23:20:00,2.10,0.186
04/30/2021 23:25:00,2.11,0.187
04/30/2021 23:30:00,2.08,0.184
04/30/2021 23:35:00,2.08,0.184
04/30/2021 23:40:00,2.10,0.186
04/30/2021 23:45:00,2.08,0.184
04/30/2021 23:50:00,2.07,0.183
04/30/2021 23:55:00,2.11,0.187
05/01/2021 00:00:00,2.10,0.186
05/01/2021 00:05:00,2.10,0.186
05/01/2021 00:10:00,2.07,0.183
05/01/2021 00:15:00,2.08,0.184
05/01/2021 00:20:00,2.10,0.186
05/01/2021 00:25:00,2.09,0.185
05/01/2021 00:30:00,2.11,0.187
05/01/2021 00:35:00,2.09,0.185
05/01/2021 00:40:00,2.11,0.187
05/01/2021 00:45:00,2.11,0.187
05/01/2021 00:50:00,2.10,0.186
05/01/2021 00:55:00,2.10,0.186
05/01/2021 01:00:00,2.10,0.186
05/01/2021 01:05:00,2.11,0.187
05/01/2021 01:10:00,2.11,0.187
05/01/2021 01:15:00,2.08,0.184
05/01/2021 01:20:00,2.09,0.185
05/01/2021 01:25:00,2.08,0.184
05/01/2021 01:30:00,2.10,0.186
05/01/2021 01:35:00,2.08,0.184
05/01/2021 01:40:00,2.08,0.184
05/01/2021 01:45:00,2.10,0.186
05/01/2021 01:50:00,2.07,0.183
05/01/2021 01:55:00,2.08,0.184
05/01/2021 02:00:00,2.10,0.186
05/01/2021 02:05:00,2.09,0.185
05/01/2021 02:10:00,2.11,0.187
05/01/2021 02:15:00,2.09,0.185
05/01/2021 02:20:00,2.12,0.188
05/01/2021 02:25:00,2.10,0.186
05/01/2021 02:30:00,2.11,0.187
05/01/2021 02:35:00,2.10,0.186
05/01/2021 02:40:00,2.08,0.184
05/01/2021 02:45:00,2.10,0.186
05/01/2021 02:50:00,2.10,0.186
05/01/2021 02:55:00,2.07,0.183
05/01/2021 03:00:00,2.08,0.184
05/01/2021 03:05:00,2.10,0.186
05/01/2021 03:10:00,2.08,0.184
05/01/2021 03:15:00,2.10,0.186
05/01/2021 03:20:00,2.10,0.186
05/01/2021 03:25:00,2.09,0.185
05/01/2021 03:30:00,2.10,0.186
05/01/2021 03:35:00,2.10,0.186
05/01/2021 03:40:00,2.12,0.188
05/01/2021 03:45:00,2.12,0.188
05/01/2021 03:50:00,2.10,0.186
05/01/2021 03:55:00,2.07,0.183
05/01/2021 04:00:00,2.08,0.184
05/01/2021 04:05:00,2.08,0.184
05/01/2021 04:10:00,2.08,0.184
05/01/2021 04:15:00,2.07,0.183
05/01/2021 04:20:00,2.07,0.183
05/01/2021 04:25:00,2.11,0.187
05/01/2021 04:30:00,2.07,0.183
05/01/2021 04:35:00,2.10,0.186
05/01/2021 04:40:00,2.11,0.187
05/01/2021 04:45:00,2.08,0.184
05/01/2021 04:50:00,2.09,0.185
05/01/2021 04:55:00,2.08,0.184
05/01/2021 05:00:00,2.11,0.187
05/01/2021 05:05:00,2.07,0.183
05/01/2021 05:10:00,2.07,0.183
05/01/2021 05:15:00,2.07,0.183
05/01/2021 05:20:00,2.09,0.185
05/01/2021 05:25:00,2.07,0.183
05/01/2021 05:30:00,2.09,0.185
05/01/2021 05:35:00,2.09,0.185
05/01/2021 05:40:00,2.08,0.184
05/01/2021 05:45:00,2.07,0.183
05/01/2021 05:50:00,2.10,0.186
05/01/2021 05:55:00,2.06,0.182
05/01/2021 06:00:00,2.08,0.184
05/01/2021 06:05:00,2.07,0.183
05/01/2021 06:10:00,2.08,0.184
05/01/2021 06:15:00,2.11,0.187
05/01/2021 06:20:00,2.08,0.184
05/01/2021 06:25:00,2.09,0.185
05/01/2021 06:30:00,2.07,0.183
05/01/2021 06:35:00,2.07,0.183
05/01/2021 06:40:00,2.08,0.184
05/01/2021 06:45:00,2.10,0.186
05/01/2021 06:50:00,2.08,0.184
05/01/2021 06:55:00,2.09,0.185
05/01/2021 07:00:00,2.06,0.182
05/01/2021 07:05:00,2.10,0.186
05/01/2021 07:10:00,2.07,0.183
05/01/2021 07:15:00,2.08,0.184
05/01/2021 07:20:00,2.11,0.187
05/01/2021 07:25:00,2.11,0.187
05/01/2021 07:30:00,2.11,0.187
05/01/2021 07:35:00,2.10,0.186
05/01/2021 07:40:00,2.11,0.187
05/01/2021 07:45:00,2.11,0.187
05/01/2021 07:50:00,2.13,0.189
05/01/2021 07:55:00,2.11,0.187
05/01/2021 08:00:00,2.11,0.187
05/01/2021 08:05:00,2.15,0.191
05/01/2021 08:10:00,2.11,0.187
05/01/2021 08:15:00,2.12,0.188
05/01/2021 08:20:00,2.10,0.186
05/01/2021 08:25:00,2.11,0.187
05/01/2021 08:30:00,2.09,0.185
05/01/2021 08:35:00,2.10,0.186
05/01/2021 08:40:00,2.06,0.182
05/01/2021 08:45:00,2.10,0.186
05/01/2021 08:50:00,2.08,0.184
05/01/2021 08:55:00,2.10,0.186
05/01/2021 09:00:00,2.10,0.186
05/01/2021 09:05:00,2.07,0.183
05/01/2021 09:10:00,2.06,0.182
05/01/2021 09:15:00,2.04,0.181
05/01/2021 09:20:00,2.06,0.182
05/01/2021 09:25:00,2.07,0.183
05/01/2021 09:30:00,2.06,0.182
05/01/2021 09:35:00,2.07,0.183
05/01/2021 09:40:00,2.05,0.182
05/01/2021 09:45:00,2.04,0.181
05/01/2021 09:50:00,2.02,0.179
05/01/2021 09:55:00,2.04,0.181
05/01/2021 10:00:00,2.04,0.181
05/01/2021 10:05:00,2.03,0.180
05/01/2021 10:10:00,2.04,0.181
05/01/2021 10:15:00,2.02,0.179
05/01/2021 10:20:00,2.04,0.181
05/01/2021 10:25:00,1.99,0.177
05/01/2021 10:30:00,2.04,0.181
05/01/2021 10:35:00,1.99,0.177
05/01/2021 10:40:00,2.01,0.178
05/01/2021 10:45:00,2.02,0.179
05/01/2021 10:50:00,2.02,0.179
05/01/2021 10:55:00,1.98,0.176
05/01/2021 11:00:00,2.00,0.177
05/01/2021 11:05:00,1.96,0.175
05/01/2021 11:10:00,1.98,0.176
05/01/2021 11:15:00,1.99,0.177
05/01/2021 11:20:00,1.96,0.175
05/01/2021 11:25:00,1.95,0.175
05/01/2021 11:30:00,1.96,0.175
05/01/2021 11:35:00,1.93,0.174
05/01/2021 11:40:00,1.97,0.176
05/01/2021 11:45:00,1.94,0.174
05/01/2021 11:50:00,1.96,0.175
05/01/2021 11:55:00,1.93,0.174
05/01/2021 12:00:00,1.91,0.173
05/01/2021 12:05:00,1.92,0.173
05/01/2021 12:10:00,1.95,0.175
05/01/2021 12:15:00,1.95,0.175
05/01/2021 12:20:00,1.94,0.174
05/01/2021 12:25:00,1.94,0.174
05/01/2021 12:30:00,1.94,0.174
05/01/2021 12:35:00,1.92,0.173
05/01/2021 12:40:00,1.95,0.175
05/01/2021 12:45:00,1.96,0.175
05/01/2021 12:50:00,1.92,0.173
05/01/2021 12:55:00,1.95,0.175
05/01/2021 13:00:00,1.96,0.175
05/01/2021 13:05:00,1.93,0.174
05/01/2021 13:10:00,1.93,0.174
05/01/2021 13:15:00,1.97,0.176
05/01/2021 13:20:00,1.95,0.175
05/01/2021 13:25:00,1.94,0.174
05/01/2021 13:30:00,1.94,0.174
05/01/2021 13:35:00,1.94,0.174
05/01/2021 13:40:00,1.98,0.176
05/01/2021 13:45:00,1.96,0.175
05/01/2021 13:50:00,1.95,0.175
05/01/2021 13:55:00,1.95,0.175
05/01/2021 14:00:00,1.94,0.174
05/01/2021 14:05:00,1.98,0.176
05/01/2021 14:10:00,1.96,0.175
05/01/2021 14:15:00,1.93,0.174
05/01/2021 14:20:00,1.95,0.175
05/01/2021 14:25:00,1.96,0.175
05/01/2021 14:30:00,1.93,0.174
05/01/2021 14:35:00,1.94,0.174
05/01/2021 14:40:00,1.98,0.176
05/01/2021 14:45:00,1.98,0.176
05/01/2021 14:50:00,1.96,0.175
05/01/2021 14:55:00,1.96,0.175
05/01/2021 15:00:00,1.92,0.173
05/01/2021 15:05:00,1.95,0.175
05/01/2021 15:10:00,1.95,0.175
05/01/2021 15:15:00,1.93,0.174
05/01/2021 15:20:00,1.93,0.174
05/01/2021 15:25:00,1.94,0.174
05/01/2021 15:30:00,1.95,0.175
05/01/2021 15:35:00,1.93,0.174
05/01/2021 15:40:00,1.98,0.176
05/01/2021 15:45:00,1.96,0.175
05/01/2021 15:50:00,1.92,0.173
05/01/2021 15:55:00,1.95,0.175
05/01/2021 16:00:00,1.95,0.175
05/01/2021 16:05:00,1.95,0.175
05/01/2021 16:10:00,1.94,0.174
05/01/2021 16:15:00,1.94,0.174
05/01/2021 16:20:00,1.95,0.175
05/01/2021 16:25:00,1.96,0.175
05/01/2021 16:30:00,1.92,0.173
05/01/2021 16:35:00,1.93,0.174
05/01/2021 16:40:00,1.94,0.174
05/01/2021 16:45:00,1.93,0.174
05/01/2021 16:50:00,1.91,0.173
05/01/2021 16:55:00,1.93,0.174
05/01/2021 17:00:00,1.93,0.174
05/01/2021 17:05:00,1.93,0.174
05/01/2021 17:10:00,1.94,0.174
05/01/2021 17:15:00,1.96,0.175
05/01/2021 17:20:00,1.95,0.175
05/01/2021 17:25:00,1.93,0.174
05/01/2021 17:30:00,1.93,0.174
05/01/2021 17:35:00,1.93,0.174
05/01/2021 17:40:00,1.93,0.174
05/01/2021 17:45:00,1.93,0.174
05/01/2021 17:50:00,1.93,0.174
05/01/2021 17:55:00,1.94,0.174
05/01/2021 18:00:00,1.95,0.175
05/01/2021 18:05:00,1.93,0.174
05/01/2021 18:10:00,1.94,0.174
05/01/2021 18:15:00,1.96,0.175
05/01/2021 18:20:00,1.93,0.174
05/01/2021 18:25:00,1.94,0.174
05/01/2021 18:30:00,1.93,0.174
05/01/2021 18:35:00,1.94,0.174
05/01/2021 18:40:00,1.93,0.174
05/01/2021 18:45:00,1.96,0.175
05/01/2021 18:50:00,1.93,0.174
05/01/2021 18:55:00,1.95,0.175
05/01/2021 19:00:00,1.92,0.173
05/01/2021 19:05:00,1.96,0.175
05/01/2021 19:10:00,1.91,0.173
05/01/2021 19:15:00,1.92,0.173
05/01/2021 19:20:00,1.95,0.175
05/01/2021 19:25:00,1.93,0.174
05/01/2021 19:30:00,1.94,0.174
05/01/2021 19:35:00,1.93,0.174
05/01/2021 19:40:00,1.92,0.173
05/01/2021 19:45:00,1.93,0.174
05/01/2021 19:50:00,1.93,0.174
05/01/2021 19:55:00,1.91,0.173
05/01/2021 20:00:00,1.95,0.175
05/01/2021 20:05:00,1.93,0.174
05/01/2021 20:10:00,1.93,0.174
05/01/2021 20:15:00,1.91,0.173
05/01/2021 20:20:00,1.90,0.173
05/01/2021 20:25:00,1.94,0.174
05/01/2021 20:30:00,1.93,0.174
05/01/2021 20:35:00,1.96,0.175
05/01/2021 20:40:00,1.92,0.173
05/01/2021 20:45:00,1.92,0.173
05/01/2021 20:50:00,1.93,0.174
05/01/2021 20:55:00,1.92,0.173
05/01/2021 21:00:00,1.93,0.174
05/01/2021 21:05:00,1.95,0.175
05/01/2021 21:10:00,1.92,0.173
05/01/2021 21:15:00,1.96,0.175
05/01/2021 21:20:00,1.94,0.174
05/01/2021 21:25:00,1.95,0.175
05/01/2021 21:30:00,1.92,0.173
05/01/2021 21:35:00,1.94,0.174
05/01/2021 21:40:00,1.92,0.173
05/01/2021 21:45:00,1.93,0.174
05/01/2021 21:50:00,1.93,0.174
05/01/2021 21:55:00,1.93,0.174
05/01/2021 22:00:00,1.93,0.174
05/01/2021 22:05:00,1.90,0.173
05/01/2021 22:10:00,1.93,0.174
05/01/2021 22:15:00,1.93,0.174
05/01/2021 22:20:00,1.91,0.173
05/01/2021 22:25:00,1.95,0.175
05/01/2021 22:30:00,1.94,0.174
05/01/2021 22:35:00,1.92,0.173
05/01/2021 22:40:00,1.93,0.174
05/01/2021 22:45:00,1.93,0.174
05/01/2021 22:50:00,1.95,0.175
05/01/2021 22:55:00,1.94,0.174
05/01/2021 23:00:00,1.95,0.175
05/01/2021 23:05:00,1.96,0.175
05/01/2021 23:10:00,1.93,0.174
05/01/2021 23:15:00,1.95,0.175
05/01/2021 23:20:00,1.96,0.175
05/01/2021 23:25:00,1.95,0.175
05/01/2021 23:30:00,1.98,0.176
05/01/2021 23:35:00,1.94,0.174
05/01/2021 23:40:00,1.96,0.175
05/01/2021 23:45:00,1.93,0.174
05/01/2021 23:50:00,1.95,0.175
05/01/2021 23:55:00,1.94,0.174
05/02/2021 00:00:00,1.95,0.175
05/02/2021 00:05:00,1.98,0.176
05/02/2021 00:10:00,1.96,0.175
05/02/2021 00:15:00,1.97,0.176
05/02/2021 00:20:00,1.95,0.175
05/02/2021 00:25:00,1.94,0.174
05/02/2021 00:30:00,1.92,0.173
05/02/2021 00:35:00,1.96,0.175
05/02/2021 00:40:00,1.95,0.175
05/02/2021 00:45:00,1.96,0.175
05/02/2021 00:50:00,1.96,0.175
05/02/2021 00:55:00,1.95,0.175
05/02/2021 01:00:00,1.95,0.175
05/02/2021 01:05:00,1.98,0.176
05/02/2021 01:10:00,1.96,0.175
05/02/2021 01:15:00,1.98,0.176
05/02/2021 01:20:00,1.96,0.175
05/02/2021 01:25:00,1.99,0.177
05/02/2021 01:30:00,1.95,0.175
05/02/2021 01:35:00,1.96,0.175
05/02/2021 01:40:00,1.98,0.176
05/02/2021 01:45:00,1.96,0.175
05/02/2021 01:50:00,1.98,0.176
05/02/2021 01:55:00,1.96,0.175
05/02/2021 02:00:00,1.96,0.175
05/02/2021 02:05:00,1.95,0.175
05/02/2021 02:10:00,1.97,0.176
05/02/2021 02:15:00,1.98,0.176
05/02/2021 02:20:00,1.98,0.176
05/02/2021 02:25:00,1.97,0.176
05/02/2021 02:30:00,1.95,0.175
05/02/2021 02:35:00,1.97,0.176
05/02/2021 02:40:00,1.98,0.176
05/02/2021 02:45:00,1.95,0.175
05/02/2021 02:50:00,1.96,0.175
05/02/2021 02:55:00,1.94,0.174
05/02/2021 03:00:00,1.95,0.175
05/02/2021 03:05:00,1.97,0.176
05/02/2021 03:10:00,1.96,0.175
05/02/2021 03:15:00,1.99,0.177
05/02/2021 03:20:00,1.98,0.176
05/02/2021 03:25:00,1.96,0.175
05/02/2021 03:30:00,1.99,0.177
05/02/2021 03:35:00,1.98,0.176
05/02/2021 03:40:00,1.96,0.175
05/02/2021 03:45:00,1.93,0.174
05/02/2021 03:50:00,1.95,0.175
05/02/2021 03:55:00,1.95,0.175
05/02/2021 04:00:00,1.95,0.175
05/02/2021 04:05:00,1.96,0.175
05/02/2021 04:10:00,1.96,0.175
05/02/2021 04:15:00,1.94,0.174
05/02/2021 04:20:00,1.92,0.173
05/02/2021 04:25:00,1.95,0.175
05/02/2021 04:30:00,1.94,0.174
05/02/2021 04:35:00,1.95,0.175
05/02/2021 04:40:00,1.98,0.176
05/02/2021 04:45:00,1.95,0.175
05/02/2021 04:50:00,1.95,0.175
05/02/2021 04:55:00,1.94,0.174
05/02/2021 05:00:00,1.94,0.174
05/02/2021 05:05:00,1.95,0.175
05/02/2021 05:10:00,1.95,0.175
05/02/2021 05:15:00,1.97,0.176
05/02/2021 05:20:00,1.91,0.173
05/02/2021 05:25:00,1.95,0.175
05/02/2021 05:30:00,1.93,0.174
05/02/2021 05:35:00,1.94,0.174
05/02/2021 05:40:00,1.92,0.173
05/02/2021 05:45:00,1.93,0.174
05/02/2021 05:50:00,1.93,0.174
05/02/2021 05:55:00,1.95,0.175
05/02/2021 06:00:00,1.96,0.175
05/02/2021 06:05:00,1.93,0.174
05/02/2021 06:10:00,1.91,0.173
05/02/2021 06:15:00,1.93,0.174
05/02/2021 06:20:00,1.95,0.175
05/02/2021 06:25:00,1.89,0.172
05/02/2021 06:30:00,1.93,0.174
05/02/2021 06:35:00,1.89,0.172
05/02/2021 06:40:00,1.91,0.173
05/02/2021 06:45:00,1.91,0.173
05/02/2021 06:50:00,1.94,0.174
05/02/2021 06:55:00,1.93,0.174
05/02/2021 07:00:00,1.93,0.174
05/02/2021 07:05:00,1.92,0.173
05/02/2021 07:10:00,1.92,0.173
05/02/2021 07:15:00,1.91,0.173
05/02/2021 07:20:00,1.93,0.174
05/02/2021 07:25:00,1.93,0.174
05/02/2021 07:30:00,1.93,0.174
05/02/2021 07:35:00,1.94,0.174
05/02/2021 07:40:00,1.95,0.175
05/02/2021 07:45:00,1.98,0.176
05/02/2021 07:50:00,1.98,0.176
05/02/2021 07:55:00,1.98,0.176
05/02/2021 08:00:00,1.98,0.176
05/02/2021 08:05:00,1.97,0.176
05/02/2021 08:10:00,1.99,0.177
05/02/2021 08:15:00,1.95,0.175
05/02/2021 08:20:00,1.96,0.175
05/02/2021 08:25:00,1.96,0.175
05/02/2021 08:30:00,1.98,0.176
05/02/2021 08:35:00,1.97,0.176
05/02/2021 08:40:00,1.97,0.176
05/02/2021 08:45:00,1.96,0.175
05/02/2021 08:50:00,1.94,0.174
05/02/2021 08:55:00,1.96,0.175
05/02/2021 09:00:00,1.96,0.175
05/02/2021 09:05:00,1.97,0.176
05/02/2021 09:10:00,1.95,0.175
05/02/2021 09:15:00,1.98,0.176
05/02/2021 09:20:00,1.96,0.175
05/02/2021 09:25:00,1.94,0.174
05/02/2021 09:30:00,1.97,0.176
05/02/2021 09:35:00,1.96,0.175
05/02/2021 09:40:00,1.95,0.175
05/02/2021 09:45:00,1.95,0.175
05/02/2021 09:50:00,1.91,0.173
05/02/2021 09:55:00,1.95,0.175
05/02/2021 10:00:00,1.94,0.174
05/02/2021 10:05:00,1.92,0.173
05/02/2021 10:10:00,1.95,0.175
05/02/2021 10:15:00,1.93,0.174
05/02/2021 10:20:00,1.91,0.173
05/02/2021 10:25:00,1.91,0.173
05/02/2021 10:30:00,1.92,0.173
05/02/2021 10:35:00,1.94,0.174
05/02/2021 10:40:00,1.93,0.174
05/02/2021 10:45:00,1.92,0.173
05/02/2021 10:50:00,1.91,0.173
05/02/2021 10:55:00,1.91,0.173
05/02/2021 11:00:00,1.90,0.173
05/02/2021 11:05:00,1.91,0.173
05/02/2021 11:10:00,1.90,0.173
05/02/2021 11:15:00,1.89,0.172
05/02/2021 11:20:00,1.88,0.172
05/02/2021 11:25:00,1.92,0.173
05/02/2021 11:30:00,1.91,0.173
05/02/2021 11:35:00,1.88,0.172
05/02/2021 11:40:00,1.89,0.172
05/02/2021 11:45:00,1.88,0.172
05/02/2021 11:50:00,1.87,0.171
05/02/2021 11:55:00,1.90,0.173
05/02/2021 12:00:00,1.90,0.173
05/02/2021 12:05:00,1.89,0.172
05/02/2021 12:10:00,1.87,0.171
05/02/2021 12:15:00,1.90,0.173
05/02/2021 12:20:00,1.85,0.170
05/02/2021 12:25:00,1.87,0.171
05/02/2021 12:30:00,1.89,0.172
05/02/2021 12:35:00,1.91,0.173
05/02/2021 12:40:00,1.91,0.173
05/02/2021 12:45:00,1.93,0.174
05/02/2021 12:50:00,1.90,0.173
05/02/2021 12:55:00,1.91,0.173
05/02/2021 13:00:00,1.93,0.174
05/02/2021 13:05:00,1.90,0.173
05/02/2021 13:10:00,1.91,0.173
05/02/2021 13:15:00,1.92,0.173
05/02/2021 13:20:00,1.90,0.173
05/02/2021 13:25:00,1.92,0.173
05/02/2021 13:30:00,1.90,0.173
05/02/2021 13:35:00,1.88,0.172
05/02/2021 13:40:00,1.89,0.172
05/02/2021 13:45:00,1.90,0.173
05/02/2021 13:50:00,1.91,0.173
05/02/2021 13:55:00,1.88,0.172
05/02/2021 14:00:00,1.87,0.171
05/02/2021 14:05:00,1.91,0.173
05/02/2021 14:10:00,1.89,0.172
05/02/2021 14:15:00,1.86,0.171
05/02/2021 14:20:00,1.88,0.172
05/02/2021 14:25:00,1.90,0.173
05/02/2021 14:30:00,1.91,0.173
05/02/2021 14:35:00,1.87,0.171
05/02/2021 14:40:00,1.89,0.172
05/02/2021 14:45:00,1.90,0.173
05/02/2021 14:50:00,1.89,0.172
05/02/2021 14:55:00,1.85,0.170
05/02/2021 15:00:00,1.85,0.170
05/02/2021 15:05:00,1.84,0.170
05/02/2021 15:10:00,1.87,0.171
05/02/2021 15:15:00,1.85,0.170
05/02/2021 15:20:00,1.84,0.170
05/02/2021 15:25:00,1.84,0.170
05/02/2021 15:30:00,1.82,0.169
05/02/2021 15:35:00,1.82,0.169
05/02/2021 15:40:00,1.82,0.169
05/02/2021 15:45:00,1.84,0.170
05/02/2021 15:50:00,1.85,0.170
05/02/2021 15:55:00,1.82,0.169
05/02/2021 16:00:00,1.84,0.170
05/02/2021 16:05:00,1.84,0.170
05/02/2021 16:10:00,1.82,0.169
05/02/2021 16:15:00,1.83,0.170
05/02/2021 16:20:00,1.83,0.170
05/02/2021 16:25:00,1.82,0.169
05/02/2021 16:30:00,1.82,0.169
05/02/2021 16:35:00,1.83,0.170
05/02/2021 16:40:00,1.83,0.170
05/02/2021 16:45:00,1.81,0.169
05/02/2021 16:50:00,1.88,0.172
05/02/2021 16:55:00,1.82,0.169
05/02/2021 17:00:00,1.84,0.170
05/02/2021 17:05:00,1.85,0.170
05/02/2021 17:10:00,1.83,0.170
05/02/2021 17:15:00,1.81,0.169
05/02/2021 17:20:00,1.83,0.170
05/02/2021 17:25:00,1.82,0.169
05/02/2021 17:30:00,1.85,0.170
05/02/2021 17:35:00,1.80,0.168
05/02/2021 17:40:00,1.82,0.169
05/02/2021 17:45:00,1.82,0.169
05/02/2021 17:50:00,1.84,0.170
05/02/2021 17:55:00,1.82,0.169
05/02/2021 18:00:00,1.81,0.169
05/02/2021 18:05:00,1.82,0.169
05/02/2021 18:10:00,1.80,0.168
05/02/2021 18:15:00,1.82,0.169
05/02/2021 18:20:00,1.81,0.169
05/02/2021 18:25:00,1.81,0.169
05/02/2021 18:30:00,1.82,0.169
05/02/2021 18:35:00,1.81,0.169
05/02/2021 18:40:00,1.83,0.170
05/02/2021 18:45:00,1.82,0.169
05/02/2021 18:50:00,1.82,0.169
05/02/2021 18:55:00,1.82,0.169
05/02/2021 19:00:00,1.82,0.169
05/02/2021 19:05:00,1.79,0.168
05/02/2021 19:10:00,1.79,0.168
05/02/2021 19:15:00,1.81,0.169
05/02/2021 19:20:00,1.84,0.170
05/02/2021 19:25:00,1.82,0.169
05/02/2021 19:30:00,1.84,0.170
05/02/2021 19:35:00,1.82,0.169
05/02/2021 19:40:00,1.84,0.170
05/02/2021 19:45:00,1.84,0.170
05/02/2021 19:50:00,1.84,0.170
05/02/2021 19:55:00,1.80,0.168
05/02/2021 20:00:00,1.81,0.169
05/02/2021 20:05:00,1.84,0.170
05/02/2021 20:10:00,1.82,0.169
05/02/2021 20:15:00,1.84,0.170
05/02/2021 20:20:00,1.81,0.169
05/02/2021 20:25:00,1.82,0.169
05/02/2021 20:30:00,1.83,0.170
05/02/2021 20:35:00,1.82,0.169
05/02/2021 20:40:00,1.82,0.169
05/02/2021 20:45:00,1.82,0.169
05/02/2021 20:50:00,1.83,0.170
05/02/2021 20:55:00,1.81,0.169
05/02/2021 21:00:00,1.87,0.171
05/02/2021 21:05:00,1.85,0.170
05/02/2021 21:10:00,1.85,0.170
05/02/2021 21:15:00,1.87,0.171
05/02/2021 21:20:00,1.84,0.170
05/02/2021 21:25:00,1.85,0.170
05/02/2021 21:30:00,1.84,0.170
05/02/2021 21:35:00,1.84,0.170
05/02/2021 21:40:00,1.85,0.170
05/02/2021 21:45:00,1.85,0.170
05/02/2021 21:50:00,1.84,0.170
05/02/2021 21:55:00,1.85,0.170
05/02/2021 22:00:00,1.87,0.171
05/02/2021 22:05:00,1.83,0.170
05/02/2021 22:10:00,1.82,0.169
05/02/2021 22:15:00,1.82,0.169
05/02/2021 22:20:00,1.85,0.170
05/02/2021 22:25:00,1.84,0.170
05/02/2021 22:30:00,1.83,0.170
05/02/2021 22:35:00,1.81,0.169
05/02/2021 22:40:00,1.84,0.170
05/02/2021 22:45:00,1.82,0.169
05/02/2021 22:50:00,1.83,0.170
05/02/2021 22:55:00,1.85,0.170
05/02/2021 23:00:00,1.85,0.170
05/02/2021 23:05:00,1.88,0.172
05/02/2021 23:10:00,1.88,0.172
05/02/2021 23:15:00,1.85,0.170
05/02/2021 23:20:00,1.85,0.170
05/02/2021 23:25:00,1.83,0.170
05/02/2021 23:30:00,1.85,0.170
05/02/2021 23:35:00,1.84,0.170
05/02/2021 23:40:00,1.86,0.171
05/02/2021 23:45:00,1.84,0.170
05/02/2021 23:50:00,1.88,0.172
05/02/2021 23:55:00,1.88,0.172
05/03/2021 00:00:00,1.85,0.170
05/03/2021 00:05:00,1.83,0.170
05/03/2021 00:10:00,1.82,0.169
05/03/2021 00:15:00,1.82,0.169
05/03/2021 00:20:00,1.84,0.170
05/03/2021 00:25:00,1.82,0.169
05/03/2021 00:30:00,1.83,0.170
05/03/2021 00:35:00,1.82,0.169
05/03/2021 00:40:00,1.83,0.170
05/03/2021 00:45:00,1.84,0.170
05/03/2021 00:50:00,1.82,0.169
05/03/2021 00:55:00,1.85,0.170
05/03/2021 01:00:00,1.82,0.169
05/03/2021 01:05:00,1.84,0.170
05/03/2021 01:10:00,1.85,0.170
05/03/2021 01:15:00,1.82,0.169
05/03/2021 01:20:00,1.83,0.170
05/03/2021 01:25:00,1.82,0.169
05/03/2021 01:30:00,1.84,0.170
05/03/2021 01:35:00,1.83,0.170
05/03/2021 01:40:00,1.84,0.170
05/03/2021 01:45:00,1.85,0.170
05/03/2021 01:50:00,1.83,0.170
05/03/2021 01:55:00,1.87,0.171
05/03/2021 02:00:00,1.85,0.170
05/03/2021 02:05:00,1.84,0.170
05/03/2021 02:10:00,1.85,0.170
05/03/2021 02:15:00,1.84,0.170
05/03/2021 02:20:00,1.84,0.170
05/03/2021 02:25:00,1.82,0.169
05/03/2021 02:30:00,1.84,0.170
05/03/2021 02:35:00,1.81,0.169
05/03/2021 02:40:00,1.83,0.170
05/03/2021 02:45:00,1.87,0.171
05/03/2021 02:50:00,1.86,0.171
05/03/2021 02:55:00,1.84,0.170
05/03/2021 03:00:00,1.83,0.170
05/03/2021 03:05:00,1.82,0.169
05/03/2021 03:10:00,1.82,0.169
05/03/2021 03:15:00,1.81,0.169
05/03/2021 03:20:00,1.82,0.169
05/03/2021 03:25:00,1.82,0.169
05/03/2021 03:30:00,1.84,0.170
05/03/2021 03:35:00,1.82,0.169
05/03/2021 03:40:00,1.82,0.169
05/03/2021 03:45:00,1.84,0.170
05/03/2021 03:50:00,1.84,0.170
05/03/2021 03:55:00,1.84,0.170
05/03/2021 04:00:00,1.81,0.169
05/03/2021 04:05:00,1.85,0.170
05/03/2021 04:10:00,1.82,0.169
05/03/2021 04:15:00,1.84,0.170
05/03/2021 04:20:00,1.82,0.169
05/03/2021 04:25:00,1.82,0.169
05/03/2021 04:30:00,1.84,0.170
05/03/2021 04:35:00,1.85,0.170
05/03/2021 04:40:00,1.79,0.168
05/03/2021 04:45:00,1.82,0.169
05/03/2021 04:50:00,1.86,0.171
05/03/2021 04:55:00,1.82,0.169
05/03/2021 05:00:00,1.81,0.169
05/03/2021 05:05:00,1.81,0.169
05/03/2021 05:10:00,1.85,0.170
05/03/2021 05:15:00,1.84,0.170
05/03/2021 05:20:00,1.85,0.170
05/03/2021 05:25:00,1.84,0.170
05/03/2021 05:30:00,1.85,0.170
05/03/2021 05:35:00,1.80,0.168
05/03/2021 05:40:00,1.83,0.170
05/03/2021 05:45:00,1.85,0.170
05/03/2021 05:50:00,1.84,0.170
05/03/2021 05:55:00,1.87,0.171
05/03/2021 06:00:00,1.84,0.170
05/03/2021 06:05:00,1.85,0.170
05/03/2021 06:10:00,1.85,0.170
05/03/2021 06:15:00,1.87,0.171
05/03/2021 06:20:00,1.84,0.170
05/03/2021 06:25:00,1.85,0.170
05/03/2021 06:30:00,1.84,0.170
05/03/2021 06:35:00,1.85,0.170
05/03/2021 06:40:00,1.85,0.170
05/03/2021 06:45:00,1.85,0.170
05/03/2021 06:50:00,1.85,0.170
05/03/2021 06:55:00,1.85,0.170
05/03/2021 07:00:00,1.88,0.172
05/03/2021 07:05:00,1.83,0.170
05/03/2021 07:10:00,1.85,0.170
05/03/2021 07:15:00,1.85,0.170
05/03/2021 07:20:00,1.90,0.173
05/03/2021 07:25:00,1.88,0.172
05/03/2021 07:30:00,1.90,0.173
05/03/2021 07:35:00,1.90,0.173
05/03/2021 07:40:00,1.95,0.175
05/03/2021 07:45:00,1.93,0.174
05/03/2021 07:50:00,1.93,0.174
05/03/2021 07:55:00,1.92,0.173
05/03/2021 08:00:00,1.90,0.173
05/03/2021 08:05:00,1.90,0.173
05/03/2021 08:10:00,1.92,0.173
05/03/2021 08:15:00,1.92,0.173
05/03/2021 08:20:00,1.94,0.174
05/03/2021 08:25:00,1.88,0.172
05/03/2021 08:30:00,1.90,0.173
05/03/2021 08:35:00,1.92,0.173
05/03/2021 08:40:00,1.87,0.171
05/03/2021 08:45:00,1.90,0.173
05/03/2021 08:50:00,1.90,0.173
05/03/2021 08:55:00,1.92,0.173
05/03/2021 09:00:00,1.89,0.172
05/03/2021 09:05:00,1.90,0.173
05/03/2021 09:10:00,1.88,0.172
05/03/2021 09:15:00,1.89,0.172
05/03/2021 09:20:00,1.88,0.172
05/03/2021 09:25:00,1.88,0.172
05/03/2021 09:30:00,1.87,0.171
05/03/2021 09:35:00,1.88,0.172
05/03/2021 09:40:00,1.87,0.171
05/03/2021 09:45:00,1.87,0.171
05/03/2021 09:50:00,1.83,0.170
05/03/2021 09:55:00,1.87,0.171
05/03/2021 10:00:00,1.87,0.171
05/03/2021 10:05:00,1.87,0.171
05/03/2021 10:10:00,1.84,0.170
05/03/2021 10:15:00,1.83,0.170
05/03/2021 10:20:00,1.84,0.170
05/03/2021 10:25:00,1.84,0.170
05/03/2021 10:30:00,1.81,0.169
05/03/2021 10:35:00,1.80,0.168
05/03/2021 10:40:00,1.78,0.167
05/03/2021 10:45:00,1.75,0.166
05/03/2021 10:50:00,1.78,0.167
05/03/2021 10:55:00,1.78,0.167
05/03/2021 11:00:00,1.76,0.166
05/03/2021 11:05:00,1.79,0.168
05/03/2021 11:10:00,1.75,0.166
05/03/2021 11:15:00,1.79,0.168
05/03/2021 11:20:00,1.76,0.166
05/03/2021 11:25:00,1.74,0.166
05/03/2021 11:30:00,1.73,0.165
05/03/2021 11:35:00,1.75,0.166
05/03/2021 11:40:00,1.76,0.166
05/03/2021 11:45:00,1.74,0.166
05/03/2021 11:50:00,1.73,0.165
05/03/2021 11:55:00,1.73,0.165
05/03/2021 12:00:00,1.74,0.166
05/03/2021 12:05:00,1.74,0.166
05/03/2021 12:10:00,1.72,0.165
05/03/2021 12:15:00,1.75,0.166
05/03/2021 12:20:00,1.70,0.164
05/03/2021 12:25:00,1.73,0.165
05/03/2021 12:30:00,1.72,0.165
05/03/2021 12:35:00,1.71,0.164
05/03/2021 12:40:00,1.73,0.165
05/03/2021 12:45:00,1.71,0.164
05/03/2021 12:50:00,1.74,0.166
05/03/2021 12:55:00,1.71,0.164
05/03/2021 13:00:00,1.72,0.165
05/03/2021 13:05:00,1.70,0.164
05/03/2021 13:10:00,1.71,0.164
05/03/2021 13:15:00,1.73,0.165
05/03/2021 13:20:00,1.72,0.165
05/03/2021 13:25:00,1.72,0.165
05/03/2021 13:30:00,1.72,0.165
05/03/2021 13:35:00,1.69,0.163
05/03/2021 13:40:00,1.70,0.164
05/03/2021 13:45:00,1.71,0.164
05/03/2021 13:50:00,1.71,0.164
05/03/2021 13:55:00,1.72,0.165
05/03/2021 14:00:00,1.72,0.165
05/03/2021 14:05:00,1.70,0.164
05/03/2021 14:10:00,1.72,0.165
05/03/2021 14:15:00,1.70,0.164
05/03/2021 14:20:00,1.67,0.162
05/03/2021 14:25:00,1.72,0.165
05/03/2021 14:30:00,1.70,0.164
05/03/2021 14:35:00,1.69,0.163
05/03/2021 14:40:00,1.70,0.164
05/03/2021 14:45:00,1.70,0.164
05/03/2021 14:50:00,1.70,0.164
05/03/2021 14:55:00,1.73,0.165
05/03/2021 15:00:00,1.72,0.165
05/03/2021 15:05:00,1.70,0.164
05/03/2021 15:10:00,1.69,0.163
05/03/2021 15:15:00,1.70,0.164
05/03/2021 15:20:00,1.74,0.166
05/03/2021 15:25:00,1.71,0.164
05/03/2021 15:30:00,1.70,0.164
05/03/2021 15:35:00,1.70,0.164
05/03/2021 15:40:00,1.69,0.163
05/03/2021 15:45:00,1.70,0.164
05/03/2021 15:50:00,1.71,0.164
05/03/2021 15:55:00,1.70,0.164
05/03/2021 16:00:00,1.69,0.163
05/03/2021 16:05:00,1.66,0.162
05/03/2021 16:10:00,1.68,0.163
05/03/2021 16:15:00,1.70,0.164
05/03/2021 16:20:00,1.69,0.163
05/03/2021 16:25:00,1.72,0.165
05/03/2021 16:30:00,1.71,0.164
05/03/2021 16:35:00,1.69,0.163
05/03/2021 16:40:00,1.69,0.163
05/03/2021 16:45:00,1.70,0.164
05/03/2021 16:50:00,1.70,0.164
05/03/2021 16:55:00,1.67,0.162
05/03/2021 17:00:00,1.71,0.164
05/03/2021 17:05:00,1.68,0.163
05/03/2021 17:10:00,1.69,0.163
05/03/2021 17:15:00,1.72,0.165
05/03/2021 17:20:00,1.69,0.163
05/03/2021 17:25:00,1.69,0.163
05/03/2021 17:30:00,1.70,0.164
05/03/2021 17:35:00,1.75,0.166
05/03/2021 17:40:00,1.70,0.164
05/03/2021 17:45:00,1.70,0.164
05/03/2021 17:50:00,1.71,0.164
05/03/2021 17:55:00,1.72,0.165
05/03/2021 18:00:00,1.72,0.165
05/03/2021 18:05:00,1.70,0.164
05/03/2021 18:10:00,1.69,0.163
05/03/2021 18:15:00,1.72,0.165
05/03/2021 18:20:00,1.73,0.165
05/03/2021 18:25:00,1.72,0.165
05/03/2021 18:30:00,1.74,0.166
05/03/2021 18:35:00,1.74,0.166
05/03/2021 18:40:00,1.75,0.166
05/03/2021 18:45:00,1.71,0.164
05/03/2021 18:50:00,1.72,0.165
05/03/2021 18:55:00,1.73,0.165
05/03/2021 19:00:00,1.71,0.164
05/03/2021 19:05:00,1.73,0.165
05/03/2021 19:10:00,1.71,0.164
05/03/2021 19:15:00,1.74,0.166
05/03/2021 19:20:00,1.73,0.165
05/03/2021 19:25:00,1.74,0.166
05/03/2021 19:30:00,1.73,0.165
05/03/2021 19:35:00,1.74,0.166
05/03/2021 19:40:00,1.73,0.165
05/03/2021 19:45:00,1.70,0.164
05/03/2021 19:50:00,1.69,0.163
05/03/2021 19:55:00,1.71,0.164
05/03/2021 20:00:00,1.73,0.165
05/03/2021 20:05:00,1.75,0.166
05/03/2021 20:10:00,1.73,0.165
05/03/2021 20:15:00,1.75,0.166
05/03/2021 20:20:00,1.73,0.165
05/03/2021 20:25:00,1.72,0.165
05/03/2021 20:30:00,1.72,0.165
05/03/2021 20:35:00,1.72,0.165
05/03/2021 20:40:00,1.71,0.164
05/03/2021 20:45:00,1.72,0.165
05/03/2021 20:50:00,1.71,0.164
05/03/2021 20:55:00,1.72,0.165
05/03/2021 21:00:00,1.72,0.165
05/03/2021 21:05:00,1.73,0.165
05/03/2021 21:10:00,1.73,0.165
05/03/2021 21:15:00,1.76,0.166
05/03/2021 21:20:00,1.73,0.165
05/03/2021 21:25:00,1.77,0.167
05/03/2021 21:30:00,1.73,0.165
05/03/2021 21:35:00,1.72,0.165
05/03/2021 21:40:00,1.76,0.166
05/03/2021 21:45:00,1.75,0.166
05/03/2021 21:50:00,1.75,0.166
05/03/2021 21:55:00,1.73,0.165
05/03/2021 22:00:00,1.75,0.166
05/03/2021 22:05:00,1.75,0.166
05/03/2021 22:10:00,1.75,0.166
05/03/2021 22:15:00,1.76,0.166
05/03/2021 22:20:00,1.74,0.166
05/03/2021 22:25:00,1.75,0.166
05/03/2021 22:30:00,1.75,0.166
05/03/2021 22:35:00,1.73,0.165
05/03/2021 22:40:00,1.76,0.166
05/03/2021 22:45:00,1.77,0.167
05/03/2021 22:50:00,1.75,0.166
05/03/2021 22:55:00,1.73,0.165
05/03/2021 23:00:00,1.72,0.165
05/03/2021 23:05:00,1.75,0.166
05/03/2021 23:10:00,1.76,0.166
05/03/2021 23:15:00,1.76,0.166
05/03/2021 23:20:00,1.75,0.166
05/03/2021 23:25:00,1.76,0.166
05/03/2021 23:30:00,1.75,0.166
05/03/2021 23:35:00,1.74,0.166
05/03/2021 23:40:00,1.75,0.166
05/03/2021 23:45:00,1.80,0.168
05/03/2021 23:50:00,1.76,0.166
05/03/2021 23:55:00,1.75,0.166
05/04/2021 00:00:00,1.75,0.166
05/04/2021 00:05:00,1.78,0.167
05/04/2021 00:10:00,1.76,0.166
05/04/2021 00:15:00,1.75,0.166
05/04/2021 00:20:00,1.77,0.167
05/04/2021 00:25:00,1.81,0.169
05/04/2021 00:30:00,1.78,0.167
05/04/2021 00:35:00,1.73,0.165
05/04/2021 00:40:00,1.76,0.166
05/04/2021 00:45:00,1.75,0.166
05/04/2021 00:50:00,1.75,0.166
05/04/2021 00:55:00,1.76,0.166
05/04/2021 01:00:00,1.78,0.167
05/04/2021 01:05:00,1.78,0.167
05/04/2021 01:10:00,1.76,0.166
05/04/2021 01:15:00,1.79,0.168
05/04/2021 01:20:00,1.78,0.167
05/04/2021 01:25:00,1.78,0.167
05/04/2021 01:30:00,1.78,0.167
05/04/2021 01:35:00,1.78,0.167
05/04/2021 01:40:00,1.78,0.167
05/04/2021 01:45:00,1.78,0.167
05/04/2021 01:50:00,1.78,0.167
05/04/2021 01:55:00,1.74,0.166
05/04/2021 02:00:00,1.79,0.168
05/04/2021 02:05:00,1.77,0.167
05/04/2021 02:10:00,1.73,0.165
05/04/2021 02:15:00,1.77,0.167
05/04/2021 02:20:00,1.73,0.165
05/04/2021 02:25:00,1.76,0.166
05/04/2021 02:30:00,1.79,0.168
05/04/2021 02:35:00,1.77,0.167
05/04/2021 02:40:00,1.77,0.167
05/04/2021 02:45:00,1.79,0.168
05/04/2021 02:50:00,1.78,0.167
05/04/2021 02:55:00,1.78,0.167
05/04/2021 03:00:00,1.76,0.166
05/04/2021 03:05:00,1.78,0.167
05/04/2021 03:10:00,1.76,0.166
05/04/2021 03:15:00,1.79,0.168
05/04/2021 03:20:00,1.76,0.166
05/04/2021 03:25:00,1.80,0.168
05/04/2021 03:30:00,1.78,0.167
05/04/2021 03:35:00,1.79,0.168
05/04/2021 03:40:00,1.76,0.166
05/04/2021 03:45:00,1.77,0.167
05/04/2021 03:50:00,1.78,0.167
05/04/2021 03:55:00,1.78,0.167
05/04/2021 04:00:00,1.80,0.168
05/04/2021 04:05:00,1.78,0.167
05/04/2021 04:10:00,1.78,0.167
05/04/2021 04:15:00,1.76,0.166
05/04/2021 04:20:00,1.79,0.168
05/04/2021 04:25:00,1.77,0.167
05/04/2021 04:30:00,1.75,0.166
05/04/2021 04:35:00,1.74,0.166
05/04/2021 04:40:00,1.78,0.167
05/04/2021 04:45:00,1.77,0.167
05/04/2021 04:50:00,1.77,0.167
05/04/2021 04:55:00,1.73,0.165
05/04/2021 05:00:00,1.81,0.169
05/04/2021 05:05:00,1.78,0.167
05/04/2021 05:10:00,1.78,0.167
05/04/2021 05:15:00,1.79,0.168
05/04/2021 05:20:00,1.76,0.166
05/04/2021 05:25:00,1.78,0.167
05/04/2021 05:30:00,1.76,0.166
05/04/2021 05:35:00,1.78,0.167
05/04/2021 05:40:00,1.78,0.167
05/04/2021 05:45:00,1.76,0.166
05/04/2021 05:50:00,1.76,0.166
05/04/2021 05:55:00,1.74,0.166
05/04/2021 06:00:00,1.73,0.165
05/04/2021 06:05:00,1.73,0.165
05/04/2021 06:10:00,1.78,0.167
05/04/2021 06:15:00,1.78,0.167
05/04/2021 06:20:00,1.75,0.166
05/04/2021 06:25:00,1.75,0.166
05/04/2021 06:30:00,1.75,0.166
05/04/2021 06:35:00,1.77,0.167
05/04/2021 06:40:00,1.75,0.166
05/04/2021 06:45:00,1.73,0.165
05/04/2021 06:50:00,1.72,0.165
05/04/2021 06:55:00,1.74,0.166
05/04/2021 07:00:00,1.74,0.166
05/04/2021 07:05:00,1.76,0.166
05/04/2021 07:10:00,1.73,0.165
05/04/2021 07:15:00,1.78,0.167
05/04/2021 07:20:00,1.74,0.166
05/04/2021 07:25:00,1.80,0.168
05/04/2021 07:30:00,1.76,0.166
05/04/2021 07:35:00,1.76,0.166
05/04/2021 07:40:00,1.78,0.167
05/04/2021 07:45:00,1.82,0.169
05/04/2021 07:50:00,1.76,0.166
05/04/2021 07:55:00,1.79,0.168
05/04/2021 08:00:00,1.81,0.169
05/04/2021 08:05:00,1.82,0.169
05/04/2021 08:10:00,1.79,0.168
05/04/2021 08:15:00,1.81,0.169
05/04/2021 08:20:00,1.83,0.170
05/04/2021 08:25:00,1.82,0.169
05/04/2021 08:30:00,1.80,0.168
05/04/2021 08:35:00,1.79,0.168
05/04/2021 08:40:00,1.76,0.166
05/04/2021 08:45:00,1.79,0.168
05/04/2021 08:50:00,1.76,0.166
05/04/2021 08:55:00,1.77,0.167
05/04/2021 09:00:00,1.78,0.167
05/04/2021 09:05:00,1.78,0.167
05/04/2021 09:10:00,1.82,0.169
05/04/2021 09:15:00,1.79,0.168
05/04/2021 09:20:00,1.79,0.168
05/04/2021 09:25:00,1.78,0.167
05/04/2021 09:30:00,1.74,0.166
05/04/2021 09:35:00,1.77,0.167
05/04/2021 09:40:00,1.76,0.166
05/04/2021 09:45:00,1.75,0.166
05/04/2021 09:50:00,1.75,0.166
05/04/2021 09:55:00,1.76,0.166
05/04/2021 10:00:00,1.72,0.165
05/04/2021 10:05:00,1.71,0.164
05/04/2021 10:10:00,1.73,0.165
05/04/2021 10:15:00,1.68,0.163
05/04/2021 10:20:00,1.71,0.164
05/04/2021 10:25:00,1.69,0.163
05/04/2021 10:30:00,1.70,0.164
05/04/2021 10:35:00,1.70,0.164
05/04/2021 10:40:00,1.70,0.164
05/04/2021 10:45:00,1.66,0.162
05/04/2021 10:50:00,1.62,0.160
05/04/2021 10:55:00,1.65,0.162
05/04/2021 11:00:00,1.63,0.161
05/04/2021 11:05:00,1.65,0.162
05/04/2021 11:10:00,1.63,0.161
05/04/2021 11:15:00,1.62,0.160
05/04/2021 11:20:00,1.62,0.160
05/04/2021 11:25:00,1.61,0.160
05/04/2021 11:30:00,1.61,0.160
05/04/2021 11:35:00,1.60,0.159
05/04/2021 11:40:00,1.63,0.161
05/04/2021 11:45:00,1.59,0.159
05/04/2021 11:50:00,1.61,0.160
05/04/2021 11:55:00,1.58,0.159
05/04/2021 12:00:00,1.57,0.158
05/04/2021 12:05:00,1.58,0.159
05/04/2021 12:10:00,1.59,0.159
05/04/2021 12:15:00,1.59,0.159
05/04/2021 12:20:00,1.60,0.159
05/04/2021 12:25:00,1.58,0.159
05/04/2021 12:30:00,1.59,0.159
05/04/2021 12:35:00,1.55,0.157
05/04/2021 12:40:00,1.58,0.159
05/04/2021 12:45:00,1.59,0.159
05/04/2021 12:50:00,1.60,0.159
05/04/2021 12:55:00,1.59,0.159
05/04/2021 13:00:00,1.59,0.159
05/04/2021 13:05:00,1.59,0.159
05/04/2021 13:10:00,1.56,0.158
05/04/2021 13:15:00,1.56,0.158
05/04/2021 13:20:00,1.59,0.159
05/04/2021 13:25:00,1.58,0.159
05/04/2021 13:30:00,1.59,0.159
05/04/2021 13:35:00,1.58,0.159
05/04/2021 13:40:00,1.59,0.159
05/04/2021 13:45:00,1.61,0.160
05/04/2021 13:50:00,1.58,0.159
05/04/2021 13:55:00,1.56,0.158
05/04/2021 14:00:00,1.59,0.159
05/04/2021 14:05:00,1.58,0.159
05/04/2021 14:10:00,1.59,0.159
05/04/2021 14:15:00,1.58,0.159
05/04/2021 14:20:00,1.58,0.159
05/04/2021 14:25:00,1.61,0.160
05/04/2021 14:30:00,1.63,0.161
05/04/2021 14:35:00,1.58,0.159
05/04/2021 14:40:00,1.56,0.158
05/04/2021 14:45:00,1.58,0.159
05/04/2021 14:50:00,1.58,0.159
05/04/2021 14:55:00,1.58,0.159
05/04/2021 15:00:00,1.58,0.159
05/04/2021 15:05:00,1.58,0.159
05/04/2021 15:10:00,1.58,0.159
05/04/2021 15:15:00,1.58,0.159
05/04/2021 15:20:00,1.58,0.159
05/04/2021 15:25:00,1.59,0.159
05/04/2021 15:30:00,1.58,0.159
05/04/2021 15:35:00,1.60,0.159
05/04/2021 15:40:00,1.56,0.158
05/04/2021 15:45:00,1.55,0.157
05/04/2021 15:50:00,1.58,0.159
05/04/2021 15:55:00,1.58,0.159
05/04/2021 16:00:00,1.59,0.159
05/04/2021 16:05:00,1.58,0.159
05/04/2021 16:10:00,1.58,0.159
05/04/2021 16:15:00,1.56,0.158
05/04/2021 16:20:00,1.57,0.158
05/04/2021 16:25:00,1.56,0.158
05/04/2021 16:30:00,1.58,0.159
05/04/2021 16:35:00,1.55,0.157
05/04/2021 16:40:00,1.56,0.158
05/04/2021 16:45:00,1.60,0.159
05/04/2021 16:50:00,1.58,0.159
05/04/2021 16:55:00,1.58,0.159
05/04/2021 17:00:00,1.57,0.158
05/04/2021 17:05:00,1.60,0.159
05/04/2021 17:10:00,1.57,0.158
05/04/2021 17:15:00,1.58,0.159
05/04/2021 17:20:00,1.59,0.159
05/04/2021 17:25:00,1.57,0.158
05/04/2021 17:30:00,1.56,0.158
05/04/2021 17:35:00,1.59,0.159
05/04/2021 17:40:00,1.59,0.159
05/04/2021 17:45:00,1.58,0.159
05/04/2021 17:50:00,1.56,0.158
05/04/2021 17:55:00,1.56,0.158
05/04/2021 18:00:00,1.56,0.158
05/04/2021 18:05:00,1.59,0.159
05/04/2021 18:10:00,1.59,0.159
05/04/2021 18:15:00,1.61,0.160
05/04/2021 18:20:00,1.60,0.159
05/04/2021 18:25:00,1.58,0.159
05/04/2021 18:30:00,1.61,0.160
05/04/2021 18:35:00,1.61,0.160
05/04/2021 18:40:00,1.60,0.159
05/04/2021 18:45:00,1.61,0.160
05/04/2021 18:50:00,1.59,0.159
05/04/2021 18:55:00,1.58,0.159
05/04/2021 19:00:00,1.62,0.160
05/04/2021 19:05:00,1.62,0.160
05/04/2021 19:10:00,1.62,0.160
05/04/2021 19:15:00,1.61,0.160
05/04/2021 19:20:00,1.58,0.159
05/04/2021 19:25:00,1.65,0.162
05/04/2021 19:30:00,1.59,0.159
05/04/2021 19:35:00,1.65,0.162
05/04/2021 19:40:00,1.62,0.160
05/04/2021 19:45:00,1.64,0.161
05/04/2021 19:50:00,1.64,0.161
05/04/2021 19:55:00,1.65,0.162
05/04/2021 20:00:00,1.63,0.161
05/04/2021 20:05:00,1.59,0.159
05/04/2021 20:10:00,1.61,0.160
05/04/2021 20:15:00,1.62,0.160
05/04/2021 20:20:00,1.64,0.161
05/04/2021 20:25:00,1.61,0.160
05/04/2021 20:30:00,1.62,0.160
05/04/2021 20:35:00,1.61,0.160
05/04/2021 20:40:00,1.61,0.160
05/04/2021 20:45:00,1.62,0.160
05/04/2021 20:50:00,1.62,0.160
05/04/2021 20:55:00,1.61,0.160
05/04/2021 21:00:00,1.59,0.159
05/04/2021 21:05:00,1.62,0.160
05/04/2021 21:10:00,1.62,0.160
05/04/2021 21:15:00,1.64,0.161
05/04/2021 21:20:00,1.62,0.160
05/04/2021 21:25:00,1.59,0.159
05/04/2021 21:30:00,1.62,0.160
05/04/2021 21:35:00,1.64,0.161
05/04/2021 21:40:00,1.65,0.162
05/04/2021 21:45:00,1.64,0.161
05/04/2021 21:50:00,1.62,0.160
05/04/2021 21:55:00,1.62,0.160
05/04/2021 22:00:00,1.65,0.162
05/04/2021 22:05:00,1.67,0.162
05/04/2021 22:10:00,1.66,0.162
05/04/2021 22:15:00,1.64,0.161
05/04/2021 22:20:00,1.64,0.161
05/04/2021 22:25:00,1.65,0.162
05/04/2021 22:30:00,1.65,0.162
05/04/2021 22:35:00,1.65,0.162
05/04/2021 22:40:00,1.64,0.161
05/04/2021 22:45:00,1.65,0.162
05/04/2021 22:50:00,1.65,0.162
05/04/2021 22:55:00,1.67,0.162
05/04/2021 23:00:00,1.67,0.162
05/04/2021 23:05:00,1.65,0.162
05/04/2021 23:10:00,1.64,0.161
05/04/2021 23:15:00,1.67,0.162
05/04/2021 23:20:00,1.64,0.161
05/04/2021 23:25:00,1.67,0.162
05/04/2021 23:30:00,1.65,0.162
05/04/2021 23:35:00,1.69,0.163
05/04/2021 23:40:00,1.67,0.162
05/04/2021 23:45:00,1.66,0.162
05/04/2021 23:50:00,1.65,0.162
05/04/2021 23:55:00,1.68,0.163
05/05/2021 00:00:00,1.66,0.162
05/05/2021 00:05:00,1.64,0.161
05/05/2021 00:10:00,1.64,0.161
05/05/2021 00:15:00,1.66,0.162
05/05/2021 00:20:00,1.67,0.162
05/05/2021 00:25:00,1.63,0.161
05/05/2021 00:30:00,1.70,0.164
05/05/2021 00:35:00,1.67,0.162
05/05/2021 00:40:00,1.67,0.162
05/05/2021 00:45:00,1.66,0.162
05/05/2021 00:50:00,1.65,0.162
05/05/2021 00:55:00,1.70,0.164
05/05/2021 01:00:00,1.68,0.163
05/05/2021 01:05:00,1.67,0.162
05/05/2021 01:10:00,1.68,0.163
05/05/2021 01:15:00,1.68,0.163
05/05/2021 01:20:00,1.68,0.163
05/05/2021 01:25:00,1.68,0.163
05/05/2021 01:30:00,1.70,0.164
05/05/2021 01:35:00,1.68,0.163
05/05/2021 01:40:00,1.68,0.163
05/05/2021 01:45:00,1.67,0.162
05/05/2021 01:50:00,1.69,0.163
05/05/2021 01:55:00,1.67,0.162
05/05/2021 02:00:00,1.68,0.163
05/05/2021 02:05:00,1.66,0.162
05/05/2021 02:10:00,1.66,0.162
05/05/2021 02:15:00,1.67,0.162
05/05/2021 02:20:00,1.68,0.163
05/05/2021 02:25:00,1.69,0.163
05/05/2021 02:30:00,1.66,0.162
05/05/2021 02:35:00,1.66,0.162
05/05/2021 02:40:00,1.70,0.164
05/05/2021 02:45:00,1.69,0.163
05/05/2021 02:50:00,1.70,0.164
05/05/2021 02:55:00,1.71,0.164
05/05/2021 03:00:00,1.70,0.164
05/05/2021 03:05:00,1.71,0.164
05/05/2021 03:10:00,1.67,0.162
05/05/2021 03:15:00,1.68,0.163
05/05/2021 03:20:00,1.72,0.165
05/05/2021 03:25:00,1.75,0.166
05/05/2021 03:30:00,1.71,0.164
05/05/2021 03:35:00,1.70,0.164
05/05/2021 03:40:00,1.72,0.165
05/05/2021 03:45:00,1.72,0.165
05/05/2021 03:50:00,1.68,0.163
05/05/2021 03:55:00,1.68,0.163
05/05/2021 04:00:00,1.70,0.164
05/05/2021 04:05:00,1.72,0.165
05/05/2021 04:10:00,1.68,0.163
05/05/2021 04:15:00,1.68,0.163
05/05/2021 04:20:00,1.70,0.164
05/05/2021 04:25:00,1.73,0.165
05/05/2021 04:30:00,1.72,0.165
05/05/2021 04:35:00,1.70,0.164
05/05/2021 04:40:00,1.72,0.165
05/05/2021 04:45:00,1.72,0.165
05/05/2021 04:50:00,1.73,0.165
05/05/2021 04:55:00,1.73,0.165
05/05/2021 05:00:00,1.72,0.165
05/05/2021 05:05:00,1.74,0.166
05/05/2021 05:10:00,1.74,0.166
05/05/2021 05:15:00,1.74,0.166
05/05/2021 05:20:00,1.70,0.164
05/05/2021 05:25:00,1.73,0.165
05/05/2021 05:30:00,1.72,0.165
05/05/2021 05:35:00,1.68,0.163
05/05/2021 05:40:00,1.70,0.164
05/05/2021 05:45:00,1.70,0.164
05/05/2021 05:50:00,1.68,0.163
05/05/2021 05:55:00,1.65,0.162
05/05/2021 06:00:00,1.69,0.163
05/05/2021 06:05:00,1.70,0.164
05/05/2021 06:10:00,1.68,0.163
05/05/2021 06:15:00,1.70,0.164
05/05/2021 06:20:00,1.69,0.163
05/05/2021 06:25:00,1.70,0.164
05/05/2021 06:30:00,1.72,0.165
05/05/2021 06:35:00,1.68,0.163
05/05/2021 06:40:00,1.70,0.164
05/05/2021 06:45:00,1.68,0.163
05/05/2021 06:50:00,1.70,0.164
05/05/2021 06:55:00,1.68,0.163
05/05/2021 07:00:00,1.68,0.163
05/05/2021 07:05:00,1.66,0.162
05/05/2021 07:10:00,1.69,0.163
05/05/2021 07:15:00,1.66,0.162
05/05/2021 07:20:00,1.71,0.164
05/05/2021 07:25:00,1.68,0.163
05/05/2021 07:30:00,1.72,0.165
05/05/2021 07:35:00,1.69,0.163
05/05/2021 07:40:00,1.73,0.165
05/05/2021 07:45:00,1.72,0.165
05/05/2021 07:50:00,1.71,0.164
05/05/2021 07:55:00,1.71,0.164
05/05/2021 08:00:00,1.70,0.164
05/05/2021 08:05:00,1.70,0.164
05/05/2021 08:10:00,1.68,0.163
05/05/2021 08:15:00,1.71,0.164
05/05/2021 08:20:00,1.68,0.163
05/05/2021 08:25:00,1.70,0.164
05/05/2021 08:30:00,1.72,0.165
05/05/2021 08:35:00,1.68,0.163
05/05/2021 08:40:00,1.73,0.165
05/05/2021 08:45:00,1.72,0.165
05/05/2021 08:50:00,1.74,0.166
05/05/2021 08:55:00,1.74,0.166
05/05/2021 09:00:00,1.71,0.164
05/05/2021 09:05:00,1.71,0.164
05/05/2021 09:10:00,1.70,0.164
05/05/2021 09:15:00,1.70,0.164
05/05/2021 09:20:00,1.72,0.165
05/05/2021 09:25:00,1.72,0.165
05/05/2021 09:30:00,1.71,0.164
05/05/2021 09:35:00,1.71,0.164
05/05/2021 09:40:00,1.72,0.165
05/05/2021 09:45:00,1.68,0.163
05/05/2021 09:50:00,1.69,0.163
05/05/2021 09:55:00,1.67,0.162
05/05/2021 10:00:00,1.69,0.163
05/05/2021 10:05:00,1.66,0.162
05/05/2021 10:10:00,1.64,0.161
05/05/2021 10:15:00,1.64,0.161
05/05/2021 10:20:00,1.65,0.162
05/05/2021 10:25:00,1.64,0.161
05/05/2021 10:30:00,1.64,0.161
05/05/2021 10:35:00,1.64,0.161
05/05/2021 10:40:00,1.62,0.160
05/05/2021 10:45:00,1.59,0.159
05/05/2021 10:50:00,1.60,0.159
05/05/2021 10:55:00,1.59,0.159
05/05/2021 11:00:00,1.56,0.158
05/05/2021 11:05:00,1.55,0.157
05/05/2021 11:10:00,1.55,0.157
05/05/2021 11:15:00,1.55,0.157
05/05/2021 11:20:00,1.53,0.156
05/05/2021 11:25:00,1.53,0.156
05/05/2021 11:30:00,1.52,0.156
05/05/2021 11:35:00,1.50,0.155
05/05/2021 11:40:00,1.52,0.156
05/05/2021 11:45:00,1.50,0.155
05/05/2021 11:50:00,1.52,0.156
05/05/2021 11:55:00,1.52,0.156
05/05/2021 12:00:00,1.52,0.156
05/05/2021 12:05:00,1.52,0.156
05/05/2021 12:10:00,1.53,0.156
05/05/2021 12:15:00,1.52,0.156
05/05/2021 12:20:00,1.51,0.155
05/05/2021 12:25:00,1.50,0.155
05/05/2021 12:30:00,1.50,0.155
05/05/2021 12:35:00,1.50,0.155
05/05/2021 12:40:00,1.48,0.154
05/05/2021 12:45:00,1.52,0.156
05/05/2021 12:50:00,1.48,0.154
05/05/2021 12:55:00,1.52,0.156
05/05/2021 13:00:00,1.48,0.154
05/05/2021 13:05:00,1.47,0.154
05/05/2021 13:10:00,1.49,0.155
05/05/2021 13:15:00,1.50,0.155
05/05/2021 13:20:00,1.47,0.154
05/05/2021 13:25:00,1.47,0.154
05/05/2021 13:30:00,1.46,0.153
05/05/2021 13:35:00,1.47,0.154
05/05/2021 13:40:00,1.49,0.155
05/05/2021 13:45:00,1.48,0.154
05/05/2021 13:50:00,1.47,0.154
05/05/2021 13:55:00,1.44,0.152
05/05/2021 14:00:00,1.49,0.155
05/05/2021 14:05:00,1.45,0.153
05/05/2021 14:10:00,1.46,0.153
05/05/2021 14:15:00,1.47,0.154
05/05/2021 14:20:00,1.47,0.154
05/05/2021 14:25:00,1.47,0.154
05/05/2021 14:30:00,1.45,0.153
05/05/2021 14:35:00,1.47,0.154
05/05/2021 14:40:00,1.47,0.154
05/05/2021 14:45:00,1.47,0.154
05/05/2021 14:50:00,1.46,0.153
05/05/2021 14:55:00,1.43,0.152
05/05/2021 15:00:00,1.46,0.153
05/05/2021 15:05:00,1.45,0.153
05/05/2021 15:10:00,1.50,0.155
05/05/2021 15:15:00,1.49,0.155
05/05/2021 15:20:00,1.45,0.153
05/05/2021 15:25:00,1.44,0.152
05/05/2021 15:30:00,1.46,0.153
05/05/2021 15:35:00,1.45,0.153
05/05/2021 15:40:00,1.44,0.152
05/05/2021 15:45:00,1.47,0.154
05/05/2021 15:50:00,1.44,0.152
05/05/2021 15:55:00,1.47,0.154
05/05/2021 16:00:00,1.46,0.153
05/05/2021 16:05:00,1.46,0.153
05/05/2021 16:10:00,1.46,0.153
05/05/2021 16:15:00,1.48,0.154
05/05/2021 16:20:00,1.47,0.154
05/05/2021 16:25:00,1.47,0.154
05/05/2021 16:30:00,1.45,0.153
05/05/2021 16:35:00,1.49,0.155
05/05/2021 16:40:00,1.46,0.153
05/05/2021 16:45:00,1.45,0.153
05/05/2021 16:50:00,1.47,0.154
05/05/2021 16:55:00,1.46,0.153
05/05/2021 17:00:00,1.44,0.152
05/05/2021 17:05:00,1.47,0.154
05/05/2021 17:10:00,1.46,0.153
05/05/2021 17:15:00,1.48,0.154
05/05/2021 17:20:00,1.47,0.154
05/05/2021 17:25:00,1.46,0.153
05/05/2021 17:30:00,1.46,0.153
05/05/2021 17:35:00,1.45,0.153
05/05/2021 17:40:00,1.47,0.154
05/05/2021 17:45:00,1.46,0.153
05/05/2021 17:50:00,1.46,0.153
05/05/2021 17:55:00,1.47,0.154
05/05/2021 18:00:00,1.47,0.154
05/05/2021 18:05:00,1.46,0.153
05/05/2021 18:10:00,1.46,0.153
05/05/2021 18:15:00,1.47,0.154
05/05/2021 18:20:00,1.48,0.154
05/05/2021 18:25:00,1.46,0.153
05/05/2021 18:30:00,1.50,0.155
05/05/2021 18:35:00,1.50,0.155
05/05/2021 18:40:00,1.52,0.156
05/05/2021 18:45:00,1.50,0.155
05/05/2021 18:50:00,1.49,0.155
05/05/2021 18:55:00,1.51,0.155
05/05/2021 19:00:00,1.52,0.156
05/05/2021 19:05:00,1.50,0.155
05/05/2021 19:10:00,1.51,0.155
05/05/2021 19:15:00,1.51,0.155
05/05/2021 19:20:00,1.52,0.156
05/05/2021 19:25:00,1.52,0.156
05/05/2021 19:30:00,1.51,0.155
05/05/2021 19:35:00,1.53,0.156
05/05/2021 19:40:00,1.49,0.155
05/05/2021 19:45:00,1.50,0.155
05/05/2021 19:50:00,1.50,0.155
05/05/2021 19:55:00,1.52,0.156
05/05/2021 20:00:00,1.53,0.156
05/05/2021 20:05:00,1.51,0.155
05/05/2021 20:10:00,1.52,0.156
05/05/2021 20:15:00,1.52,0.156
05/05/2021 20:20:00,1.51,0.155
05/05/2021 20:25:00,1.53,0.156
05/05/2021 20:30:00,1.49,0.155
05/05/2021 20:35:00,1.52,0.156
05/05/2021 20:40:00,1.51,0.155
05/05/2021 20:45:00,1.51,0.155
05/05/2021 20:50:00,1.53,0.156
05/05/2021 20:55:00,1.53,0.156
05/05/2021 21:00:00,1.51,0.155
05/05/2021 21:05:00,1.49,0.155
05/05/2021 21:10:00,1.53,0.156
05/05/2021 21:15:00,1.52,0.156
05/05/2021 21:20:00,1.55,0.157
05/05/2021 21:25:00,1.50,0.155
05/05/2021 21:30:00,1.50,0.155
05/05/2021 21:35:00,1.53,0.156
05/05/2021 21:40:00,1.53,0.156
05/05/2021 21:45:00,1.53,0.156
05/05/2021 21:50:00,1.53,0.156
05/05/2021 21:55:00,1.53,0.156
05/05/2021 22:00:00,1.52,0.156
05/05/2021 22:05:00,1.51,0.155
05/05/2021 22:10:00,1.50,0.155
05/05/2021 22:15:00,1.52,0.156
05/05/2021 22:20:00,1.50,0.155
05/05/2021 22:25:00,1.52,0.156
05/05/2021 22:30:00,1.56,0.158
05/05/2021 22:35:00,1.53,0.156
05/05/2021 22:40:00,1.50,0.155
05/05/2021 22:45:00,1.54,0.157
05/05/2021 22:50:00,1.53,0.156
05/05/2021 22:55:00,1.52,0.156
05/05/2021 23:00:00,1.55,0.157
05/05/2021 23:05:00,1.58,0.159
05/05/2021 23:10:00,1.52,0.156
05/05/2021 23:15:00,1.55,0.157
05/05/2021 23:20:00,1.53,0.156
05/05/2021 23:25:00,1.55,0.157
05/05/2021 23:30:00,1.55,0.157
05/05/2021 23:35:00,1.54,0.157
05/05/2021 23:40:00,1.53,0.156
05/05/2021 23:45:00,1.55,0.157
05/05/2021 23:50:00,1.58,0.159
05/05/2021 23:55:00,1.57,0.158
05/06/2021 00:00:00,1.55,0.157
05/06/2021 00:05:00,1.54,0.157
05/06/2021 00:10:00,1.55,0.157
05/06/2021 00:15:00,1.55,0.157
05/06/2021 00:20:00,1.55,0.157
05/06/2021 00:25:00,1.58,0.159
05/06/2021 00:30:00,1.55,0.157
05/06/2021 00:35:00,1.53,0.156
05/06/2021 00:40:00,1.56,0.158
05/06/2021 00:45:00,1.55,0.157
05/06/2021 00:50:00,1.54,0.157
05/06/2021 00:55:00,1.55,0.157
05/06/2021 01:00:00,1.57,0.158
05/06/2021 01:05:00,1.53,0.156
05/06/2021 01:10:00,1.53,0.156
05/06/2021 01:15:00,1.55,0.157
05/06/2021 01:20:00,1.56,0.158
05/06/2021 01:25:00,1.58,0.159
05/06/2021 01:30:00,1.55,0.157
05/06/2021 01:35:00,1.58,0.159
05/06/2021 01:40:00,1.58,0.159
05/06/2021 01:45:00,1.58,0.159
05/06/2021 01:50:00,1.56,0.158
05/06/2021 01:55:00,1.56,0.158
05/06/2021 02:00:00,1.57,0.158
05/06/2021 02:05:00,1.57,0.158
05/06/2021 02:10:00,1.60,0.159
05/06/2021 02:15:00,1.56,0.158
05/06/2021 02:20:00,1.56,0.158
05/06/2021 02:25:00,1.59,0.159
05/06/2021 02:30:00,1.55,0.157
05/06/2021 02:35:00,1.58,0.159
05/06/2021 02:40:00,1.58,0.159
05/06/2021 02:45:00,1.56,0.158
05/06/2021 02:50:00,1.58,0.159
05/06/2021 02:55:00,1.55,0.157
05/06/2021 03:00:00,1.58,0.159
05/06/2021 03:05:00,1.55,0.157
05/06/2021 03:10:00,1.55,0.157
05/06/2021 03:15:00,1.55,0.157
05/06/2021 03:20:00,1.56,0.158
05/06/2021 03:25:00,1.53,0.156
05/06/2021 03:30:00,1.56,0.158
05/06/2021 03:35:00,1.56,0.158
05/06/2021 03:40:00,1.56,0.158
05/06/2021 03:45:00,1.55,0.157
05/06/2021 03:50:00,1.53,0.156
05/06/2021 03:55:00,1.55,0.157
05/06/2021 04:00:00,1.55,0.157
05/06/2021 04:05:00,1.55,0.157
05/06/2021 04:10:00,1.56,0.158
05/06/2021 04:15:00,1.56,0.158
05/06/2021 04:20:00,1.54,0.157
05/06/2021 04:25:00,1.55,0.157
05/06/2021 04:30:00,1.54,0.157
05/06/2021 04:35:00,1.53,0.156
05/06/2021 04:40:00,1.56,0.158
05/06/2021 04:45:00,1.52,0.156
05/06/2021 04:50:00,1.55,0.157
05/06/2021 04:55:00,1.56,0.158
05/06/2021 05:00:00,1.54,0.157
05/06/2021 05:05:00,1.56,0.158
05/06/2021 05:10:00,1.55,0.157
05/06/2021 05:15:00,1.55,0.157
05/06/2021 05:20:00,1.56,0.158
05/06/2021 05:25:00,1.52,0.156
05/06/2021 05:30:00,1.53,0.156
05/06/2021 05:35:00,1.53,0.156
05/06/2021 05:40:00,1.53,0.156
05/06/2021 05:45:00,1.55,0.157
05/06/2021 05:50:00,1.55,0.157
05/06/2021 05:55:00,1.56,0.158
05/06/2021 06:00:00,1.53,0.156
05/06/2021 06:05:00,1.54,0.157
05/06/2021 06:10:00,1.54,0.157
05/06/2021 06:15:00,1.52,0.156
05/06/2021 06:20:00,1.56,0.158
05/06/2021 06:25:00,1.53,0.156
05/06/2021 06:30:00,1.53,0.156
05/06/2021 06:35:00,1.53,0.156
05/06/2021 06:40:00,1.52,0.156
05/06/2021 06:45:00,1.55,0.157
05/06/2021 06:50:00,1.53,0.156
05/06/2021 06:55:00,1.55,0.157
05/06/2021 07:00:00,1.55,0.157
05/06/2021 07:05:00,1.55,0.157
05/06/2021 07:10:00,1.53,0.156
05/06/2021 07:15:00,1.56,0.158
05/06/2021 07:20:00,1.53,0.156
05/06/2021 07:25:00,1.52,0.156
05/06/2021 07:30:00,1.53,0.156
05/06/2021 07:35:00,1.52,0.156
05/06/2021 07:40:00,1.53,0.156
05/06/2021 07:45:00,1.55,0.157
05/06/2021 07:50:00,1.57,0.158
05/06/2021 07:55:00,1.52,0.156
05/06/2021 08:00:00,1.53,0.156
05/06/2021 08:05:00,1.54,0.157
05/06/2021 08:10:00,1.53,0.156
05/06/2021 08:15:00,1.55,0.157
05/06/2021 08:20:00,1.55,0.157
05/06/2021 08:25:00,1.56,0.158
05/06/2021 08:30:00,1.55,0.157
05/06/2021 08:35:00,1.54,0.157
05/06/2021 08:40:00,1.54,0.157
05/06/2021 08:45:00,1.56,0.158
05/06/2021 08:50:00,1.59,0.159
05/06/2021 08:55:00,1.56,0.158
05/06/2021 09:00:00,1.56,0.158
05/06/2021 09:05:00,1.56,0.158
05/06/2021 09:10:00,1.55,0.157
05/06/2021 09:15:00,1.57,0.158
05/06/2021 09:20:00,1.59,0.159
05/06/2021 09:25:00,1.57,0.158
05/06/2021 09:30:00,1.56,0.158
05/06/2021 09:35:00,1.56,0.158
05/06/2021 09:40:00,1.57,0.158
05/06/2021 09:45:00,1.56,0.158
05/06/2021 09:50:00,1.56,0.158
05/06/2021 09:55:00,1.55,0.157
05/06/2021 10:00:00,1.55,0.157
05/06/2021 10:05:00,1.57,0.158
05/06/2021 10:10:00,1.51,0.155
05/06/2021 10:15:00,1.55,0.157
05/06/2021 10:20:00,1.57,0.158
05/06/2021 10:25:00,1.55,0.157
05/06/2021 10:30:00,1.57,0.158
05/06/2021 10:35:00,1.54,0.157
05/06/2021 10:40:00,1.56,0.158
05/06/2021 10:45:00,1.55,0.157
05/06/2021 10:50:00,1.55,0.157
05/06/2021 10:55:00,1.53,0.156
05/06/2021 11:00:00,1.53,0.156
05/06/2021 11:05:00,1.55,0.157
05/06/2021 11:10:00,1.53,0.156
05/06/2021 11:15:00,1.49,0.155
05/06/2021 11:20:00,1.54,0.157
05/06/2021 11:25:00,1.53,0.156
05/06/2021 11:30:00,1.52,0.156
05/06/2021 11:35:00,1.49,0.155
05/06/2021 11:40:00,1.49,0.155
05/06/2021 11:45:00,1.52,0.156
05/06/2021 11:50:00,1.47,0.154
05/06/2021 11:55:00,1.49,0.155
05/06/2021 12:00:00,1.47,0.154
05/06/2021 12:05:00,1.45,0.153
05/06/2021 12:10:00,1.50,0.155
05/06/2021 12:15:00,1.46,0.153
05/06/2021 12:20:00,1.43,0.152
05/06/2021 12:25:00,1.46,0.153
05/06/2021 12:30:00,1.46,0.153
05/06/2021 12:35:00,1.42,0.151
05/06/2021 12:40:00,1.43,0.152
05/06/2021 12:45:00,1.43,0.152
05/06/2021 12:50:00,1.41,0.151
05/06/2021 12:55:00,1.41,0.151
05/06/2021 13:00:00,1.43,0.152
05/06/2021 13:05:00,1.43,0.152
05/06/2021 13:10:00,1.40,0.151
05/06/2021 13:15:00,1.43,0.152
05/06/2021 13:20:00,1.43,0.152
05/06/2021 13:25:00,1.41,0.151
05/06/2021 13:30:00,1.43,0.152
05/06/2021 13:35:00,1.38,0.150
05/06/2021 13:40:00,1.40,0.151
05/06/2021 13:45:00,1.40,0.151
05/06/2021 13:50:00,1.41,0.151
05/06/2021 13:55:00,1.37,0.149
05/06/2021 14:00:00,1.41,0.151
05/06/2021 14:05:00,1.38,0.150
05/06/2021 14:10:00,1.41,0.151
05/06/2021 14:15:00,1.43,0.152
05/06/2021 14:20:00,1.40,0.151
05/06/2021 14:25:00,1.43,0.152
05/06/2021 14:30:00,1.41,0.151
05/06/2021 14:35:00,1.43,0.152
05/06/2021 14:40:00,1.41,0.151
05/06/2021 14:45:00,1.44,0.152
05/06/2021 14:50:00,1.40,0.151
05/06/2021 14:55:00,1.43,0.152
05/06/2021 15:00:00,1.45,0.153
05/06/2021 15:05:00,1.41,0.151
05/06/2021 15:10:00,1.42,0.151
05/06/2021 15:15:00,1.42,0.151
05/06/2021 15:20:00,1.42,0.151
05/06/2021 15:25:00,1.41,0.151
05/06/2021 15:30:00,1.45,0.153
05/06/2021 15:35:00,1.45,0.153
05/06/2021 15:40:00,1.43,0.152
05/06/2021 15:45:00,1.40,0.151
05/06/2021 15:50:00,1.43,0.152
05/06/2021 15:55:00,1.39,0.150
05/06/2021 16:00:00,1.43,0.152
05/06/2021 16:05:00,1.43,0.152
05/06/2021 16:10:00,1.46,0.153
05/06/2021 16:15:00,1.41,0.151
05/06/2021 16:20:00,1.44,0.152
05/06/2021 16:25:00,1.44,0.152
05/06/2021 16:30:00,1.43,0.152
05/06/2021 16:35:00,1.44,0.152
05/06/2021 16:40:00,1.44,0.152
05/06/2021 16:45:00,1.46,0.153
05/06/2021 16:50:00,1.47,0.154
05/06/2021 16:55:00,1.45,0.153
05/06/2021 17:00:00,1.44,0.152
05/06/2021 17:05:00,1.47,0.154
05/06/2021 17:10:00,1.46,0.153
05/06/2021 17:15:00,1.46,0.153
05/06/2021 17:20:00,1.46,0.153
05/06/2021 17:25:00,1.46,0.153
05/06/2021 17:30:00,1.44,0.152
05/06/2021 17:35:00,1.48,0.154
05/06/2021 17:40:00,1.47,0.154
05/06/2021 17:45:00,1.47,0.154
05/06/2021 17:50:00,1.47,0.154
05/06/2021 17:55:00,1.48,0.154
05/06/2021 18:00:00,1.47,0.154
05/06/2021 18:05:00,1.50,0.155
05/06/2021 18:10:00,1.46,0.153
05/06/2021 18:15:00,1.51,0.155
05/06/2021 18:20:00,1.47,0.154
05/06/2021 18:25:00,1.49,0.155
05/06/2021 18:30:00,1.50,0.155
05/06/2021 18:35:00,1.49,0.155
05/06/2021 18:40:00,1.49,0.155
05/06/2021 18:45:00,1.49,0.155
05/06/2021 18:50:00,1.50,0.155
05/06/2021 18:55:00,1.54,0.157
05/06/2021 19:00:00,1.50,0.155
05/06/2021 19:05:00,1.52,0.156
05/06/2021 19:10:00,1.53,0.156
05/06/2021 19:15:00,1.50,0.155
05/06/2021 19:20:00,1.52,0.156
05/06/2021 19:25:00,1.48,0.154
05/06/2021 19:30:00,1.50,0.155
05/06/2021 19:35:00,1.52,0.156
05/06/2021 19:40:00,1.53,0.156
05/06/2021 19:45:00,1.52,0.156
05/06/2021 19:50:00,1.52,0.156
05/06/2021 19:55:00,1.50,0.155
05/06/2021 20:00:00,1.52,0.156
05/06/2021 20:05:00,1.52,0.156
05/06/2021 20:10:00,1.53,0.156
05/06/2021 20:15:00,1.53,0.156
05/06/2021 20:20:00,1.52,0.156
05/06/2021 20:25:00,1.53,0.156
05/06/2021 20:30:00,1.51,0.155
05/06/2021 20:35:00,1.53,0.156
05/06/2021 20:40:00,1.50,0.155
05/06/2021 20:45:00,1.53,0.156
05/06/2021 20:50:00,1.51,0.155
05/06/2021 20:55:00,1.53,0.156
05/06/2021 21:00:00,1.52,0.156
05/06/2021 21:05:00,1.54,0.157
05/06/2021 21:10:00,1.54,0.157
05/06/2021 21:15:00,1.54,0.157
05/06/2021 21:20:00,1.53,0.156
05/06/2021 21:25:00,1.55,0.157
05/06/2021 21:30:00,1.56,0.158
05/06/2021 21:35:00,1.56,0.158
05/06/2021 21:40:00,1.55,0.157
05/06/2021 21:45:00,1.53,0.156
05/06/2021 21:50:00,1.55,0.157
05/06/2021 21:55:00,1.56,0.158
05/06/2021 22:00:00,1.59,0.159
05/06/2021 22:05:00,1.59,0.159
05/06/2021 22:10:00,1.58,0.159
05/06/2021 22:15:00,1.55,0.157
05/06/2021 22:20:00,1.56,0.158
05/06/2021 22:25:00,1.60,0.159
05/06/2021 22:30:00,1.56,0.158
05/06/2021 22:35:00,1.58,0.159
05/06/2021 22:40:00,1.56,0.158
05/06/2021 22:45:00,1.56,0.158
05/06/2021 22:50:00,1.57,0.158
05/06/2021 22:55:00,1.61,0.160
05/06/2021 23:00:00,1.58,0.159
05/06/2021 23:05:00,1.58,0.159
05/06/2021 23:10:00,1.58,0.159
05/06/2021 23:15:00,1.56,0.158
05/06/2021 23:20:00,1.58,0.159
05/06/2021 23:25:00,1.58,0.159
05/06/2021 23:30:00,1.57,0.158
05/06/2021 23:35:00,1.59,0.159
05/06/2021 23:40:00,1.56,0.158
05/06/2021 23:45:00,1.55,0.157
05/06/2021 23:50:00,1.59,0.159
05/06/2021 23:55:00,1.57,0.158
05/07/2021 00:00:00,1.55,0.157
05/07/2021 00:05:00,1.59,0.159
05/07/2021 00:10:00,1.57,0.158
05/07/2021 00:15:00,1.61,0.160
05/07/2021 00:20:00,1.56,0.158
05/07/2021 00:25:00,1.55,0.157
05/07/2021 00:30:00,1.58,0.159
05/07/2021 00:35:00,1.59,0.159
05/07/2021 00:40:00,1.61,0.160
05/07/2021 00:45:00,1.59,0.159
05/07/2021 00:50:00,1.59,0.159
05/07/2021 00:55:00,1.58,0.159
05/07/2021 01:00:00,1.58,0.159
05/07/2021 01:05:00,1.59,0.159
05/07/2021 01:10:00,1.58,0.159
05/07/2021 01:15:00,1.55,0.157
05/07/2021 01:20:00,1.57,0.158
05/07/2021 01:25:00,1.58,0.159
05/07/2021 01:30:00,1.58,0.159
05/07/2021 01:35:00,1.56,0.158
05/07/2021 01:40:00,1.61,0.160
05/07/2021 01:45:00,1.57,0.158
05/07/2021 01:50:00,1.58,0.159
05/07/2021 01:55:00,1.58,0.159
05/07/2021 02:00:00,1.61,0.160
05/07/2021 02:05:00,1.58,0.159
05/07/2021 02:10:00,1.59,0.159
05/07/2021 02:15:00,1.59,0.159
05/07/2021 02:20:00,1.60,0.159
05/07/2021 02:25:00,1.59,0.159
05/07/2021 02:30:00,1.62,0.160
05/07/2021 02:35:00,1.62,0.160
05/07/2021 02:40:00,1.61,0.160
05/07/2021 02:45:00,1.59,0.159
05/07/2021 02:50:00,1.58,0.159
05/07/2021 02:55:00,1.60,0.159
05/07/2021 03:00:00,1.59,0.159
05/07/2021 03:05:00,1.60,0.159
05/07/2021 03:10:00,1.59,0.159
05/07/2021 03:15:00,1.60,0.159
05/07/2021 03:20:00,1.59,0.159
05/07/2021 03:25:00,1.58,0.159
05/07/2021 03:30:00,1.61,0.160
05/07/2021 03:35:00,1.62,0.160
05/07/2021 03:40:00,1.61,0.160
05/07/2021 03:45:00,1.63,0.161
05/07/2021 03:50:00,1.61,0.160
05/07/2021 03:55:00,1.61,0.160
05/07/2021 04:00:00,1.62,0.160
05/07/2021 04:05:00,1.59,0.159
05/07/2021 04:10:00,1.58,0.159
05/07/2021 04:15:00,1.57,0.158
05/07/2021 04:20:00,1.59,0.159
05/07/2021 04:25:00,1.59,0.159
05/07/2021 04:30:00,1.58,0.159
05/07/2021 04:35:00,1.60,0.159
05/07/2021 04:40:00,1.61,0.160
05/07/2021 04:45:00,1.59,0.159
05/07/2021 04:50:00,1.61,0.160
05/07/2021 04:55:00,1.58,0.159
05/07/2021 05:00:00,1.59,0.159
05/07/2021 05:05:00,1.62,0.160
05/07/2021 05:10:00,1.60,0.159
05/07/2021 05:15:00,1.61,0.160
05/07/2021 05:20:00,1.57,0.158
05/07/2021 05:25:00,1.58,0.159
05/07/2021 05:30:00,1.59,0.159
05/07/2021 05:35:00,1.58,0.159
05/07/2021 05:40:00,1.59,0.159
05/07/2021 05:45:00,1.60,0.159
05/07/2021 05:50:00,1.61,0.160
05/07/2021 05:55:00,1.58,0.159
05/07/2021 06:00:00,1.56,0.158
05/07/2021 06:05:00,1.59,0.159
05/07/2021 06:10:00,1.57,0.158
05/07/2021 06:15:00,1.59,0.159
05/07/2021 06:20:00,1.59,0.159
05/07/2021 06:25:00,1.59,0.159
05/07/2021 06:30:00,1.56,0.158
05/07/2021 06:35:00,1.58,0.159
05/07/2021 06:40:00,1.60,0.159
05/07/2021 06:45:00,1.58,0.159
05/07/2021 06:50:00,1.61,0.160
05/07/2021 06:55:00,1.58,0.159
05/07/2021 07:00:00,1.59,0.159
05/07/2021 07:05:00,1.59,0.159
05/07/2021 07:10:00,1.61,0.160
05/07/2021 07:15:00,1.58,0.159
05/07/2021 07:20:00,1.60,0.159
05/07/2021 07:25:00,1.60,0.159
05/07/2021 07:30:00,1.60,0.159
05/07/2021 07:35:00,1.59,0.159
05/07/2021 07:40:00,1.61,0.160
05/07/2021 07:45:00,1.62,0.160
05/07/2021 07:50:00,1.62,0.160
05/07/2021 07:55:00,1.61,0.160
05/07/2021 08:00:00,1.62,0.160
05/07/2021 08:05:00,1.61,0.160
05/07/2021 08:10:00,1.62,0.160
05/07/2021 08:15:00,1.60,0.159
05/07/2021 08:20:00,1.61,0.160
05/07/2021 08:25:00,1.58,0.159
05/07/2021 08:30:00,1.58,0.159
05/07/2021 08:35:00,1.60,0.159
05/07/2021 08:40:00,1.59,0.159
05/07/2021 08:45:00,1.59,0.159
05/07/2021 08:50:00,1.61,0.160
05/07/2021 08:55:00,1.59,0.159
05/07/2021 09:00:00,1.56,0.158
05/07/2021 09:05:00,1.58,0.159
05/07/2021 09:10:00,1.59,0.159
05/07/2021 09:15:00,1.57,0.158
05/07/2021 09:20:00,1.58,0.159
05/07/2021 09:25:00,1.57,0.158
05/07/2021 09:30:00,1.57,0.158
05/07/2021 09:35:00,1.56,0.158
05/07/2021 09:40:00,1.58,0.159
05/07/2021 09:45:00,1.56,0.158
05/07/2021 09:50:00,1.55,0.157
05/07/2021 09:55:00,1.53,0.156
05/07/2021 10:00:00,1.55,0.157
05/07/2021 10:05:00,1.55,0.157
05/07/2021 10:10:00,1.54,0.157
05/07/2021 10:15:00,1.50,0.155
05/07/2021 10:20:00,1.50,0.155
05/07/2021 10:25:00,1.53,0.156
05/07/2021 10:30:00,1.50,0.155
05/07/2021 10:35:00,1.49,0.155
05/07/2021 10:40:00,1.46,0.153
05/07/2021 10:45:00,1.48,0.154
05/07/2021 10:50:00,1.44,0.152
05/07/2021 10:55:00,1.44,0.152
05/07/2021 11:00:00,1.45,0.153
05/07/2021 11:05:00,1.43,0.152
05/07/2021 11:10:00,1.43,0.152
05/07/2021 11:15:00,1.42,0.151
05/07/2021 11:20:00,1.41,0.151
05/07/2021 11:25:00,1.40,0.151
05/07/2021 11:30:00,1.42,0.151
05/07/2021 11:35:00,1.42,0.151
05/07/2021 11:40:00,1.40,0.151
05/07/2021 11:45:00,1.42,0.151
05/07/2021 11:50:00,1.40,0.151
05/07/2021 11:55:00,1.37,0.149
05/07/2021 12:00:00,1.40,0.151
05/07/2021 12:05:00,1.38,0.150
05/07/2021 12:10:00,1.37,0.149
05/07/2021 12:15:00,1.41,0.151
05/07/2021 12:20:00,1.37,0.149
05/07/2021 12:25:00,1.36,0.149
05/07/2021 12:30:00,1.37,0.149
05/07/2021 12:35:00,1.35,0.148
05/07/2021 12:40:00,1.36,0.149
05/07/2021 12:45:00,1.38,0.150
05/07/2021 12:50:00,1.36,0.149
05/07/2021 12:55:00,1.34,0.148
05/07/2021 13:00:00,1.39,0.150
05/07/2021 13:05:00,1.33,0.148
05/07/2021 13:10:00,1.36,0.149
05/07/2021 13:15:00,1.38,0.150
05/07/2021 13:20:00,1.34,0.148
05/07/2021 13:25:00,1.39,0.150
05/07/2021 13:30:00,1.32,0.147
05/07/2021 13:35:00,1.39,0.150
05/07/2021 13:40:00,1.36,0.149
05/07/2021 13:45:00,1.38,0.150
05/07/2021 13:50:00,1.38,0.150
05/07/2021 13:55:00,1.38,0.150
05/07/2021 14:00:00,1.37,0.149
05/07/2021 14:05:00,1.38,0.150
05/07/2021 14:10:00,1.40,0.151
05/07/2021 14:15:00,1.35,0.148
05/07/2021 14:20:00,1.38,0.150
05/07/2021 14:25:00,1.41,0.151
05/07/2021 14:30:00,1.40,0.151
05/07/2021 14:35:00,1.40,0.151
05/07/2021 14:40:00,1.37,0.149
05/07/2021 14:45:00,1.34,0.148
05/07/2021 14:50:00,1.38,0.150
05/07/2021 14:55:00,1.36,0.149
05/07/2021 15:00:00,1.38,0.150
05/07/2021 15:05:00,1.36,0.149
05/07/2021 15:10:00,1.37,0.149
05/07/2021 15:15:00,1.39,0.150
05/07/2021 15:20:00,1.38,0.150
05/07/2021 15:25:00,1.40,0.151
05/07/2021 15:30:00,1.36,0.149
05/07/2021 15:35:00,1.38,0.150
05/07/2021 15:40:00,1.39,0.150
05/07/2021 15:45:00,1.37,0.149
05/07/2021 15:50:00,1.37,0.149
05/07/2021 15:55:00,1.38,0.150
05/07/2021 16:00:00,1.37,0.149
05/07/2021 16:05:00,1.38,0.150
05/07/2021 16:10:00,1.38,0.150
05/07/2021 16:15:00,1.40,0.151
05/07/2021 16:20:00,1.39,0.150
05/07/2021 16:25:00,1.39,0.150
05/07/2021 16:30:00,1.41,0.151
05/07/2021 16:35:00,1.41,0.151
05/07/2021 16:40:00,1.41,0.151
05/07/2021 16:45:00,1.40,0.151
05/07/2021 16:50:00,1.38,0.150
05/07/2021 16:55:00,1.42,0.151
05/07/2021 17:00:00,1.38,0.150
05/07/2021 17:05:00,1.37,0.149
05/07/2021 17:10:00,1.40,0.151
05/07/2021 17:15:00,1.41,0.151
05/07/2021 17:20:00,1.41,0.151
05/07/2021 17:25:00,1.40,0.151
05/07/2021 17:30:00,1.36,0.149
05/07/2021 17:35:00,1.39,0.150
05/07/2021 17:40:00,1.41,0.151
05/07/2021 17:45:00,1.44,0.152
05/07/2021 17:50:00,1.41,0.151
05/07/2021 17:55:00,1.40,0.151
05/07/2021 18:00:00,1.43,0.152
05/07/2021 18:05:00,1.42,0.151
05/07/2021 18:10:00,1.43,0.152
05/07/2021 18:15:00,1.40,0.151
05/07/2021 18:20:00,1.39,0.150
05/07/2021 18:25:00,1.38,0.150
05/07/2021 18:30:00,1.39,0.150
05/07/2021 18:35:00,1.43,0.152
05/07/2021 18:40:00,1.41,0.151
05/07/2021 18:45:00,1.43,0.152
05/07/2021 18:50:00,1.41,0.151
05/07/2021 18:55:00,1.43,0.152
05/07/2021 19:00:00,1.41,0.151
05/07/2021 19:05:00,1.43,0.152
05/07/2021 19:10:00,1.40,0.151
05/07/2021 19:15:00,1.44,0.152
05/07/2021 19:20:00,1.43,0.152
05/07/2021 19:25:00,1.44,0.152
05/07/2021 19:30:00,1.43,0.152
05/07/2021 19:35:00,1.43,0.152
05/07/2021 19:40:00,1.44,0.152
05/07/2021 19:45:00,1.45,0.153
05/07/2021 19:50:00,1.46,0.153
05/07/2021 19:55:00,1.41,0.151
05/07/2021 20:00:00,1.44,0.152
05/07/2021 20:05:00,1.43,0.152
05/07/2021 20:10:00,1.44,0.152
05/07/2021 20:15:00,1.44,0.152
05/07/2021 20:20:00,1.41,0.151
05/07/2021 20:25:00,1.42,0.151
05/07/2021 20:30:00,1.43,0.152
05/07/2021 20:35:00,1.41,0.151
05/07/2021 20:40:00,1.41,0.151
05/07/2021 20:45:00,1.43,0.152
05/07/2021 20:50:00,1.42,0.151
05/07/2021 20:55:00,1.43,0.152
05/07/2021 21:00:00,1.41,0.151
05/07/2021 21:05:00,1.44,0.152
05/07/2021 21:10:00,1.46,0.153
05/07/2021 21:15:00,1.44,0.152
05/07/2021 21:20:00,1.43,0.152
05/07/2021 21:25:00,1.48,0.154
05/07/2021 21:30:00,1.45,0.153
05/07/2021 21:35:00,1.43,0.152
05/07/2021 21:40:00,1.44,0.152
05/07/2021 21:45:00,1.44,0.152
05/07/2021 21:50:00,1.46,0.153
05/07/2021 21:55:00,1.45,0.153
05/07/2021 22:00:00,1.46,0.153
05/07/2021 22:05:00,1.45,0.153
05/07/2021 22:10:00,1.47,0.154
05/07/2021 22:15:00,1.43,0.152
05/07/2021 22:20:00,1.46,0.153
05/07/2021 22:25:00,1.44,0.152
05/07/2021 22:30:00,1.46,0.153
05/07/2021 22:35:00,1.46,0.153
05/07/2021 22:40:00,1.46,0.153
05/07/2021 22:45:00,1.48,0.154
05/07/2021 22:50:00,1.47,0.154
05/07/2021 22:55:00,1.42,0.151
05/07/2021 23:00:00,1.45,0.153
05/07/2021 23:05:00,1.47,0.154
05/07/2021 23:10:00,1.46,0.153
05/07/2021 23:15:00,1.49,0.155
05/07/2021 23:20:00,1.47,0.154
05/07/2021 23:25:00,1.47,0.154
05/07/2021 23:30:00,1.49,0.155
05/07/2021 23:35:00,1.50,0.155
05/07/2021 23:40:00,1.49,0.155
05/07/2021 23:45:00,1.49,0.155
05/07/2021 23:50:00,1.49,0.155
05/07/2021 23:55:00,1.49,0.155
05/08/2021 00:00:00,1.48,0.154
05/08/2021 00:05:00,1.47,0.154
05/08/2021 00:10:00,1.51,0.155
05/08/2021 00:15:00,1.47,0.154
05/08/2021 00:20:00,1.49,0.155
05/08/2021 00:25:00,1.49,0.155
05/08/2021 00:30:00,1.47,0.154
05/08/2021 00:35:00,1.49,0.155
05/08/2021 00:40:00,1.46,0.153
05/08/2021 00:45:00,1.46,0.153
05/08/2021 00:50:00,1.48,0.154
05/08/2021 00:55:00,1.49,0.155
05/08/2021 01:00:00,1.49,0.155
05/08/2021 01:05:00,1.49,0.155
05/08/2021 01:10:00,1.47,0.154
05/08/2021 01:15:00,1.45,0.153
05/08/2021 01:20:00,1.42,0.151
05/08/2021 01:25:00,1.46,0.153
05/08/2021 01:30:00,1.45,0.153
05/08/2021 01:35:00,1.49,0.155
05/08/2021 01:40:00,1.49,0.155
05/08/2021 01:45:00,1.48,0.154
05/08/2021 01:50:00,1.47,0.154
05/08/2021 01:55:00,1.49,0.155
05/08/2021 02:00:00,1.50,0.155
05/08/2021 02:05:00,1.46,0.153
05/08/2021 02:10:00,1.48,0.154
05/08/2021 02:15:00,1.47,0.154
05/08/2021 02:20:00,1.48,0.154
05/08/2021 02:25:00,1.50,0.155
05/08/2021 02:30:00,1.47,0.154
05/08/2021 02:35:00,1.48,0.154
05/08/2021 02:40:00,1.45,0.153
05/08/2021 02:45:00,1.48,0.154
05/08/2021 02:50:00,1.47,0.154
05/08/2021 02:55:00,1.48,0.154
05/08/2021 03:00:00,1.44,0.152
05/08/2021 03:05:00,1.49,0.155
05/08/2021 03:10:00,1.46,0.153
05/08/2021 03:15:00,1.46,0.153
05/08/2021 03:20:00,1.46,0.153
05/08/2021 03:25:00,1.46,0.153
05/08/2021 03:30:00,1.44,0.152
05/08/2021 03:35:00,1.46,0.153
05/08/2021 03:40:00,1.49,0.155
05/08/2021 03:45:00,1.47,0.154
05/08/2021 03:50:00,1.47,0.154
05/08/2021 03:55:00,1.47,0.154
05/08/2021 04:00:00,1.46,0.153
05/08/2021 04:05:00,1.46,0.153
05/08/2021 04:10:00,1.48,0.154
05/08/2021 04:15:00,1.48,0.154
05/08/2021 04:20:00,1.45,0.153
05/08/2021 04:25:00,1.46,0.153
05/08/2021 04:30:00,1.46,0.153
05/08/2021 04:35:00,1.46,0.153
05/08/2021 04:40:00,1.48,0.154
05/08/2021 04:45:00,1.49,0.155
05/08/2021 04:50:00,1.47,0.154
05/08/2021 04:55:00,1.46,0.153
05/08/2021 05:00:00,1.43,0.152
05/08/2021 05:05:00,1.42,0.151
05/08/2021 05:10:00,1.44,0.152
05/08/2021 05:15:00,1.47,0.154
05/08/2021 05:20:00,1.41,0.151
05/08/2021 05:25:00,1.47,0.154
05/08/2021 05:30:00,1.47,0.154
05/08/2021 05:35:00,1.44,0.152
05/08/2021 05:40:00,1.46,0.153
05/08/2021 05:45:00,1.47,0.154
05/08/2021 05:50:00,1.44,0.152
05/08/2021 05:55:00,1.45,0.153
05/08/2021 06:00:00,1.46,0.153
05/08/2021 06:05:00,1.40,0.151
05/08/2021 06:10:00,1.43,0.152
05/08/2021 06:15:00,1.43,0.152
05/08/2021 06:20:00,1.44,0.152
05/08/2021 06:25:00,1.46,0.153
05/08/2021 06:30:00,1.45,0.153
05/08/2021 06:35:00,1.43,0.152
05/08/2021 06:40:00,1.41,0.151
05/08/2021 06:45:00,1.42,0.151
05/08/2021 06:50:00,1.42,0.151
05/08/2021 06:55:00,1.42,0.151
05/08/2021 07:00:00,1.42,0.151
05/08/2021 07:05:00,1.45,0.153
05/08/2021 07:10:00,1.41,0.151
05/08/2021 07:15:00,1.41,0.151
05/08/2021 07:20:00,1.40,0.151
05/08/2021 07:25:00,1.42,0.151
05/08/2021 07:30:00,1.46,0.153
05/08/2021 07:35:00,1.42,0.151
05/08/2021 07:40:00,1.42,0.151
05/08/2021 07:45:00,1.41,0.151
05/08/2021 07:50:00,1.44,0.152
05/08/2021 07:55:00,1.44,0.152
05/08/2021 08:00:00,1.43,0.152
05/08/2021 08:05:00,1.41,0.151
05/08/2021 08:10:00,1.41,0.151
05/08/2021 08:15:00,1.42,0.151
05/08/2021 08:20:00,1.43,0.152
05/08/2021 08:25:00,1.38,0.150
05/08/2021 08:30:00,1.41,0.151
05/08/2021 08:35:00,1.41,0.151
05/08/2021 08:40:00,1.40,0.151
05/08/2021 08:45:00,1.41,0.151
05/08/2021 08:50:00,1.42,0.151
05/08/2021 08:55:00,1.39,0.150
05/08/2021 09:00:00,1.41,0.151
05/08/2021 09:05:00,1.41,0.151
05/08/2021 09:10:00,1.40,0.151
05/08/2021 09:15:00,1.39,0.150
05/08/2021 09:20:00,1.39,0.150
05/08/2021 09:25:00,1.41,0.151
05/08/2021 09:30:00,1.40,0.151
05/08/2021 09:35:00,1.41,0.151
05/08/2021 09:40:00,1.41,0.151
05/08/2021 09:45:00,1.38,0.150
05/08/2021 09:50:00,1.39,0.150
05/08/2021 09:55:00,1.35,0.148
05/08/2021 10:00:00,1.36,0.149
05/08/2021 10:05:00,1.35,0.148
05/08/2021 10:10:00,1.36,0.149
05/08/2021 10:15:00,1.35,0.148
05/08/2021 10:20:00,1.34,0.148
05/08/2021 10:25:00,1.33,0.148
05/08/2021 10:30:00,1.32,0.147
05/08/2021 10:35:00,1.32,0.147
05/08/2021 10:40:00,1.30,0.146
05/08/2021 10:45:00,1.27,0.145
05/08/2021 10:50:00,1.28,0.145
05/08/2021 10:55:00,1.27,0.145
05/08/2021 11:00:00,1.27,0.145
05/08/2021 11:05:00,1.25,0.144
05/08/2021 11:10:00,1.25,0.144
05/08/2021 11:15:00,1.24,0.144
05/08/2021 11:20:00,1.26,0.144
05/08/2021 11:25:00,1.26,0.144
05/08/2021 11:30:00,1.26,0.144
05/08/2021 11:35:00,1.26,0.144
05/08/2021 11:40:00,1.23,0.143
05/08/2021 11:45:00,1.25,0.144
05/08/2021 11:50:00,1.20,0.142
05/08/2021 11:55:00,1.23,0.143
05/08/2021 12:00:00,1.24,0.144
05/08/2021 12:05:00,1.24,0.144
05/08/2021 12:10:00,1.24,0.144
05/08/2021 12:15:00,1.23,0.143
05/08/2021 12:20:00,1.21,0.142
05/08/2021 12:25:00,1.24,0.144
05/08/2021 12:30:00,1.21,0.142
05/08/2021 12:35:00,1.23,0.143
05/08/2021 12:40:00,1.24,0.144
05/08/2021 12:45:00,1.21,0.142
05/08/2021 12:50:00,1.21,0.142
05/08/2021 12:55:00,1.24,0.144
05/08/2021 13:00:00,1.24,0.144
05/08/2021 13:05:00,1.23,0.143
05/08/2021 13:10:00,1.26,0.144
05/08/2021 13:15:00,1.21,0.142
05/08/2021 13:20:00,1.24,0.144
05/08/2021 13:25:00,1.23,0.143
05/08/2021 13:30:00,1.25,0.144
05/08/2021 13:35:00,1.23,0.143
05/08/2021 13:40:00,1.21,0.142
05/08/2021 13:45:00,1.23,0.143
05/08/2021 13:50:00,1.24,0.144
05/08/2021 13:55:00,1.27,0.145
05/08/2021 14:00:00,1.25,0.144
05/08/2021 14:05:00,1.24,0.144
05/08/2021 14:10:00,1.25,0.144
05/08/2021 14:15:00,1.21,0.142
05/08/2021 14:20:00,1.24,0.144
05/08/2021 14:25:00,1.23,0.143
05/08/2021 14:30:00,1.27,0.145
05/08/2021 14:35:00,1.26,0.144
05/08/2021 14:40:00,1.23,0.143
05/08/2021 14:45:00,1.26,0.144
05/08/2021 14:50:00,1.26,0.144
05/08/2021 14:55:00,1.26,0.144
05/08/2021 15:00:00,1.25,0.144
05/08/2021 15:05:00,1.23,0.143
05/08/2021 15:10:00,1.27,0.145
05/08/2021 15:15:00,1.25,0.144
05/08/2021 15:20:00,1.26,0.144
05/08/2021 15:25:00,1.23,0.143
05/08/2021 15:30:00,1.26,0.144
05/08/2021 15:35:00,1.27,0.145
05/08/2021 15:40:00,1.25,0.144
05/08/2021 15:45:00,1.27,0.145
05/08/2021 15:50:00,1.23,0.143
05/08/2021 15:55:00,1.23,0.143
05/08/2021 16:00:00,1.23,0.143
05/08/2021 16:05:00,1.24,0.144
05/08/2021 16:10:00,1.21,0.142
05/08/2021 16:15:00,1.24,0.144
05/08/2021 16:20:00,1.23,0.143
05/08/2021 16:25:00,1.21,0.142
05/08/2021 16:30:00,1.25,0.144
05/08/2021 16:35:00,1.23,0.143
05/08/2021 16:40:00,1.23,0.143
05/08/2021 16:45:00,1.22,0.143
05/08/2021 16:50:00,1.23,0.143
05/08/2021 16:55:00,1.21,0.142
05/08/2021 17:00:00,1.23,0.143
05/08/2021 17:05:00,1.24,0.144
05/08/2021 17:10:00,1.22,0.143
05/08/2021 17:15:00,1.23,0.143
05/08/2021 17:20:00,1.21,0.142
05/08/2021 17:25:00,1.26,0.144
05/08/2021 17:30:00,1.21,0.142
05/08/2021 17:35:00,1.26,0.144
05/08/2021 17:40:00,1.26,0.144
05/08/2021 17:45:00,1.26,0.144
05/08/2021 17:50:00,1.26,0.144
05/08/2021 17:55:00,1.25,0.144
05/08/2021 18:00:00,1.27,0.145
05/08/2021 18:05:00,1.27,0.145
05/08/2021 18:10:00,1.25,0.144
05/08/2021 18:15:00,1.27,0.145
05/08/2021 18:20:00,1.26,0.144
05/08/2021 18:25:00,1.25,0.144
05/08/2021 18:30:00,1.28,0.145
05/08/2021 18:35:00,1.29,0.146
05/08/2021 18:40:00,1.30,0.146
05/08/2021 18:45:00,1.30,0.146
05/08/2021 18:50:00,1.27,0.145
05/08/2021 18:55:00,1.32,0.147
05/08/2021 19:00:00,1.30,0.146
05/08/2021 19:05:00,1.30,0.146
05/08/2021 19:10:00,1.29,0.146
05/08/2021 19:15:00,1.27,0.145
05/08/2021 19:20:00,1.28,0.145
05/08/2021 19:25:00,1.30,0.146
05/08/2021 19:30:00,1.26,0.144
05/08/2021 19:35:00,1.32,0.147
05/08/2021 19:40:00,1.29,0.146
05/08/2021 19:45:00,1.29,0.146
05/08/2021 19:50:00,1.29,0.146
05/08/2021 19:55:00,1.32,0.147
05/08/2021 20:00:00,1.32,0.147
05/08/2021 20:05:00,1.32,0.147
05/08/2021 20:10:00,1.27,0.145
05/08/2021 20:15:00,1.30,0.146
05/08/2021 20:20:00,1.32,0.147
05/08/2021 20:25:00,1.32,0.147
05/08/2021 20:30:00,1.30,0.146
05/08/2021 20:35:00,1.33,0.148
05/08/2021 20:40:00,1.33,0.148
05/08/2021 20:45:00,1.30,0.146
05/08/2021 20:50:00,1.33,0.148
05/08/2021 20:55:00,1.32,0.147
05/08/2021 21:00:00,1.29,0.146
05/08/2021 21:05:00,1.32,0.147
05/08/2021 21:10:00,1.31,0.147
05/08/2021 21:15:00,1.35,0.148
05/08/2021 21:20:00,1.34,0.148
05/08/2021 21:25:00,1.34,0.148
05/08/2021 21:30:00,1.33,0.148
05/08/2021 21:35:00,1.34,0.148
05/08/2021 21:40:00,1.32,0.147
05/08/2021 21:45:00,1.33,0.148
05/08/2021 21:50:00,1.33,0.148
05/08/2021 21:55:00,1.27,0.145
05/08/2021 22:00:00,1.31,0.147
05/08/2021 22:05:00,1.33,0.148
05/08/2021 22:10:00,1.33,0.148
05/08/2021 22:15:00,1.35,0.148
05/08/2021 22:20:00,1.32,0.147
05/08/2021 22:25:00,1.34,0.148
05/08/2021 22:30:00,1.33,0.148
05/08/2021 22:35:00,1.33,0.148
05/08/2021 22:40:00,1.33,0.148
05/08/2021 22:45:00,1.28,0.145
05/08/2021 22:50:00,1.31,0.147
05/08/2021 22:55:00,1.32,0.147
05/08/2021 23:00:00,1.33,0.148
05/08/2021 23:05:00,1.32,0.147
05/08/2021 23:10:00,1.33,0.148
05/08/2021 23:15:00,1.35,0.148
05/08/2021 23:20:00,1.32,0.147
05/08/2021 23:25:00,1.32,0.147
05/08/2021 23:30:00,1.31,0.147
05/08/2021 23:35:00,1.32,0.147
05/08/2021 23:40:00,1.33,0.148
05/08/2021 23:45:00,1.33,0.148
05/08/2021 23:50:00,1.34,0.148
05/08/2021 23:55:00,1.33,0.148
05/09/2021 00:00:00,1.32,0.147
05/09/2021 00:05:00,1.34,0.148
05/09/2021 00:10:00,1.36,0.149
05/09/2021 00:15:00,1.34,0.148
05/09/2021 00:20:00,1.35,0.148
05/09/2021 00:25:00,1.33,0.148
05/09/2021 00:30:00,1.35,0.148
05/09/2021 00:35:00,1.35,0.148
05/09/2021 00:40:00,1.36,0.149
05/09/2021 00:45:00,1.33,0.148
05/09/2021 00:50:00,1.34,0.148
05/09/2021 00:55:00,1.35,0.148
05/09/2021 01:00:00,1.35,0.148
05/09/2021 01:05:00,1.33,0.148
05/09/2021 01:10:00,1.35,0.148
05/09/2021 01:15:00,1.37,0.149
05/09/2021 01:20:00,1.35,0.148
05/09/2021 01:25:00,1.35,0.148
05/09/2021 01:30:00,1.35,0.148
05/09/2021 01:35:00,1.36,0.149
05/09/2021 01:40:00,1.37,0.149
05/09/2021 01:45:00,1.34,0.148
05/09/2021 01:50:00,1.35,0.148
05/09/2021 01:55:00,1.38,0.150
05/09/2021 02:00:00,1.35,0.148
05/09/2021 02:05:00,1.38,0.150
05/09/2021 02:10:00,1.36,0.149
05/09/2021 02:15:00,1.38,0.150
05/09/2021 02:20:00,1.37,0.149
05/09/2021 02:25:00,1.41,0.151
05/09/2021 02:30:00,1.38,0.150
05/09/2021 02:35:00,1.35,0.148
05/09/2021 02:40:00,1.35,0.148
05/09/2021 02:45:00,1.36,0.149
05/09/2021 02:50:00,1.35,0.148
05/09/2021 02:55:00,1.33,0.148
05/09/2021 03:00:00,1.38,0.150
05/09/2021 03:05:00,1.35,0.148
05/09/2021 03:10:00,1.35,0.148
05/09/2021 03:15:00,1.36,0.149
05/09/2021 03:20:00,1.36,0.149
05/09/2021 03:25:00,1.36,0.149
05/09/2021 03:30:00,1.35,0.148
05/09/2021 03:35:00,1.35,0.148
05/09/2021 03:40:00,1.35,0.148
05/09/2021 03:45:00,1.35,0.148
05/09/2021 03:50:00,1.35,0.148
05/09/2021 03:55:00,1.37,0.149
05/09/2021 04:00:00,1.36,0.149
05/09/2021 04:05:00,1.35,0.148
05/09/2021 04:10:00,1.33,0.148
05/09/2021 04:15:00,1.32,0.147
05/09/2021 04:20:00,1.32,0.147
05/09/2021 04:25:00,1.33,0.148
05/09/2021 04:30:00,1.31,0.147
05/09/2021 04:35:00,1.34,0.148
05/09/2021 04:40:00,1.30,0.146
05/09/2021 04:45:00,1.33,0.148
05/09/2021 04:50:00,1.35,0.148
05/09/2021 04:55:00,1.36,0.149
05/09/2021 05:00:00,1.37,0.149
05/09/2021 05:05:00,1.33,0.148
05/09/2021 05:10:00,1.33,0.148
05/09/2021 05:15:00,1.34,0.148
05/09/2021 05:20:00,1.36,0.149
05/09/2021 05:25:00,1.36,0.149
05/09/2021 05:30:00,1.33,0.148
05/09/2021 05:35:00,1.36,0.149
05/09/2021 05:40:00,1.35,0.148
05/09/2021 05:45:00,1.38,0.150
05/09/2021 05:50:00,1.36,0.149
05/09/2021 05:55:00,1.35,0.148
05/09/2021 06:00:00,1.33,0.148
05/09/2021 06:05:00,1.33,0.148
05/09/2021 06:10:00,1.36,0.149
05/09/2021 06:15:00,1.38,0.150
05/09/2021 06:20:00,1.35,0.148
05/09/2021 06:25:00,1.33,0.148
05/09/2021 06:30:00,1.33,0.148
05/09/2021 06:35:00,1.32,0.147
05/09/2021 06:40:00,1.32,0.147
05/09/2021 06:45:00,1.33,0.148
05/09/2021 06:50:00,1.35,0.148
05/09/2021 06:55:00,1.33,0.148
05/09/2021 07:00:00,1.32,0.147
05/09/2021 07:05:00,1.35,0.148
05/09/2021 07:10:00,1.32,0.147
05/09/2021 07:15:00,1.33,0.148
05/09/2021 07:20:00,1.34,0.148
05/09/2021 07:25:00,1.33,0.148
05/09/2021 07:30:00,1.34,0.148
05/09/2021 07:35:00,1.33,0.148
05/09/2021 07:40:00,1.33,0.148
05/09/2021 07:45:00,1.29,0.146
05/09/2021 07:50:00,1.32,0.147
05/09/2021 07:55:00,1.30,0.146
05/09/2021 08:00:00,1.32,0.147
05/09/2021 08:05:00,1.32,0.147
05/09/2021 08:10:00,1.32,0.147
05/09/2021 08:15:00,1.32,0.147
05/09/2021 08:20:00,1.31,0.147
05/09/2021 08:25:00,1.31,0.147
05/09/2021 08:30:00,1.32,0.147
05/09/2021 08:35:00,1.32,0.147
05/09/2021 08:40:00,1.34,0.148
05/09/2021 08:45:00,1.34,0.148
05/09/2021 08:50:00,1.30,0.146
05/09/2021 08:55:00,1.31,0.147
05/09/2021 09:00:00,1.32,0.147
05/09/2021 09:05:00,1.35,0.148
05/09/2021 09:10:00,1.35,0.148
05/09/2021 09:15:00,1.35,0.148
05/09/2021 09:20:00,1.33,0.148
05/09/2021 09:25:00,1.30,0.146
05/09/2021 09:30:00,1.31,0.147
05/09/2021 09:35:00,1.32,0.147
05/09/2021 09:40:00,1.30,0.146
05/09/2021 09:45:00,1.33,0.148
05/09/2021 09:50:00,1.30,0.146
05/09/2021 09:55:00,1.32,0.147
05/09/2021 10:00:00,1.32,0.147
05/09/2021 10:05:00,1.32,0.147
05/09/2021 10:10:00,1.31,0.147
05/09/2021 10:15:00,1.32,0.147
05/09/2021 10:20:00,1.30,0.146
05/09/2021 10:25:00,1.33,0.148
05/09/2021 10:30:00,1.29,0.146
05/09/2021 10:35:00,1.31,0.147
05/09/2021 10:40:00,1.32,0.147
05/09/2021 10:45:00,1.29,0.146
05/09/2021 10:50:00,1.31,0.147
05/09/2021 10:55:00,1.34,0.148
05/09/2021 11:00:00,1.30,0.146
05/09/2021 11:05:00,1.30,0.146
05/09/2021 11:10:00,1.30,0.146
05/09/2021 11:15:00,1.30,0.146
05/09/2021 11:20:00,1.30,0.146
05/09/2021 11:25:00,1.29,0.146
05/09/2021 11:30:00,1.30,0.146
05/09/2021 11:35:00,1.32,0.147
05/09/2021 11:40:00,1.28,0.145
05/09/2021 11:45:00,1.29,0.146
05/09/2021 11:50:00,1.29,0.146
05/09/2021 11:55:00,1.28,0.145
05/09/2021 12:00:00,1.26,0.144
05/09/2021 12:05:00,1.29,0.146
05/09/2021 12:10:00,1.28,0.145
05/09/2021 12:15:00,1.26,0.144
05/09/2021 12:20:00,1.26,0.144
05/09/2021 12:25:00,1.26,0.144
05/09/2021 12:30:00,1.27,0.145
05/09/2021 12:35:00,1.26,0.144
05/09/2021 12:40:00,1.23,0.143
05/09/2021 12:45:00,1.23,0.143
05/09/2021 12:50:00,1.25,0.144
05/09/2021 12:55:00,1.23,0.143
05/09/2021 13:00:00,1.21,0.142
05/09/2021 13:05:00,1.24,0.144
05/09/2021 13:10:00,1.21,0.142
05/09/2021 13:15:00,1.21,0.142
05/09/2021 13:20:00,1.18,0.141
05/09/2021 13:25:00,1.22,0.143
05/09/2021 13:30:00,1.23,0.143
05/09/2021 13:35:00,1.20,0.142
05/09/2021 13:40:00,1.19,0.141
05/09/2021 13:45:00,1.22,0.143
05/09/2021 13:50:00,1.20,0.142
05/09/2021 13:55:00,1.20,0.142
05/09/2021 14:00:00,1.20,0.142
05/09/2021 14:05:00,1.20,0.142
05/09/2021 14:10:00,1.18,0.141
05/09/2021 14:15:00,1.20,0.142
05/09/2021 14:20:00,1.23,0.143
05/09/2021 14:25:00,1.22,0.143
05/09/2021 14:30:00,1.20,0.142
05/09/2021 14:35:00,1.18,0.141
05/09/2021 14:40:00,1.20,0.142
05/09/2021 14:45:00,1.22,0.143
05/09/2021 14:50:00,1.20,0.142
05/09/2021 14:55:00,1.20,0.142
05/09/2021 15:00:00,1.20,0.142
05/09/2021 15:05:00,1.18,0.141
05/09/2021 15:10:00,1.19,0.141
05/09/2021 15:15:00,1.17,0.140
05/09/2021 15:20:00,1.18,0.141
05/09/2021 15:25:00,1.19,0.141
05/09/2021 15:30:00,1.17,0.140
05/09/2021 15:35:00,1.17,0.140
05/09/2021 15:40:00,1.15,0.140
05/09/2021 15:45:00,1.17,0.140
05/09/2021 15:50:00,1.19,0.141
05/09/2021 15:55:00,1.18,0.141
05/09/2021 16:00:00,1.17,0.140
05/09/2021 16:05:00,1.18,0.141
05/09/2021 16:10:00,1.18,0.141
05/09/2021 16:15:00,1.19,0.141
05/09/2021 16:20:00,1.18,0.141
05/09/2021 16:25:00,1.19,0.141
05/09/2021 16:30:00,1.20,0.142
05/09/2021 16:35:00,1.18,0.141
05/09/2021 16:40:00,1.20,0.142
05/09/2021 16:45:00,1.20,0.142
05/09/2021 16:50:00,1.20,0.142
05/09/2021 16:55:00,1.20,0.142
05/09/2021 17:00:00,1.20,0.142
05/09/2021 17:05:00,1.19,0.141
05/09/2021 17:10:00,1.21,0.142
05/09/2021 17:15:00,1.21,0.142
05/09/2021 17:20:00,1.23,0.143
05/09/2021 17:25:00,1.21,0.142
05/09/2021 17:30:00,1.20,0.142
05/09/2021 17:35:00,1.17,0.140
05/09/2021 17:40:00,1.20,0.142
05/09/2021 17:45:00,1.18,0.141
05/09/2021 17:50:00,1.21,0.142
05/09/2021 17:55:00,1.20,0.142
05/09/2021 18:00:00,1.20,0.142
05/09/2021 18:05:00,1.20,0.142
05/09/2021 18:10:00,1.21,0.142
05/09/2021 18:15:00,1.24,0.144
05/09/2021 18:20:00,1.20,0.142
05/09/2021 18:25:00,1.21,0.142
05/09/2021 18:30:00,1.18,0.141
05/09/2021 18:35:00,1.23,0.143
05/09/2021 18:40:00,1.20,0.142
05/09/2021 18:45:00,1.21,0.142
05/09/2021 18:50:00,1.22,0.143
05/09/2021 18:55:00,1.23,0.143
05/09/2021 19:00:00,1.24,0.144
05/09/2021 19:05:00,1.21,0.142
05/09/2021 19:10:00,1.23,0.143
05/09/2021 19:15:00,1.24,0.144
05/09/2021 19:20:00,1.26,0.144
05/09/2021 19:25:00,1.24,0.144
05/09/2021 19:30:00,1.24,0.144
05/09/2021 19:35:00,1.24,0.144
05/09/2021 19:40:00,1.24,0.144
05/09/2021 19:45:00,1.22,0.143
05/09/2021 19:50:00,1.25,0.144
05/09/2021 19:55:00,1.23,0.143
05/09/2021 20:00:00,1.25,0.144
05/09/2021 20:05:00,1.25,0.144
05/09/2021 20:10:00,1.24,0.144
05/09/2021 20:15:00,1.25,0.144
05/09/2021 20:20:00,1.25,0.144
05/09/2021 20:25:00,1.27,0.145
05/09/2021 20:30:00,1.26,0.144
05/09/2021 20:35:00,1.25,0.144
05/09/2021 20:40:00,1.24,0.144
05/09/2021 20:45:00,1.24,0.144
05/09/2021 20:50:00,1.24,0.144
05/09/2021 20:55:00,1.27,0.145
05/09/2021 21:00:00,1.26,0.144
05/09/2021 21:05:00,1.24,0.144
05/09/2021 21:10:00,1.26,0.144
05/09/2021 21:15:00,1.23,0.143
05/09/2021 21:20:00,1.24,0.144
05/09/2021 21:25:00,1.24,0.144
05/09/2021 21:30:00,1.24,0.144
05/09/2021 21:35:00,1.26,0.144
05/09/2021 21:40:00,1.24,0.144
05/09/2021 21:45:00,1.24,0.144
05/09/2021 21:50:00,1.26,0.144
05/09/2021 21:55:00,1.25,0.144
05/09/2021 22:00:00,1.21,0.142
05/09/2021 22:05:00,1.23,0.143
05/09/2021 22:10:00,1.24,0.144
05/09/2021 22:15:00,1.24,0.144
05/09/2021 22:20:00,1.24,0.144
05/09/2021 22:25:00,1.27,0.145
05/09/2021 22:30:00,1.24,0.144
05/09/2021 22:35:00,1.27,0.145
05/09/2021 22:40:00,1.27,0.145
05/09/2021 22:45:00,1.26,0.144
05/09/2021 22:50:00,1.29,0.146
05/09/2021 22:55:00,1.23,0.143
05/09/2021 23:00:00,1.23,0.143
05/09/2021 23:05:00,1.28,0.145
05/09/2021 23:10:00,1.27,0.145
05/09/2021 23:15:00,1.27,0.145
05/09/2021 23:20:00,1.25,0.144
05/09/2021 23:25:00,1.25,0.144
05/09/2021 23:30:00,1.29,0.146
05/09/2021 23:35:00,1.26,0.144
05/09/2021 23:40:00,1.26,0.144
05/09/2021 23:45:00,1.24,0.144
05/09/2021 23:50:00,1.26,0.144
05/09/2021 23:55:00,1.26,0.144
05/10/2021 00:00:00,1.28,0.145
05/10/2021 00:05:00,1.26,0.144
05/10/2021 00:10:00,1.28,0.145
05/10/2021 00:15:00,1.29,0.146
05/10/2021 00:20:00,1.27,0.145
05/10/2021 00:25:00,1.25,0.144
05/10/2021 00:30:00,1.27,0.145
05/10/2021 00:35:00,1.27,0.145
05/10/2021 00:40:00,1.23,0.143
05/10/2021 00:45:00,1.24,0.144
05/10/2021 00:50:00,1.30,0.146
05/10/2021 00:55:00,1.28,0.145
05/10/2021 01:00:00,1.26,0.144
05/10/2021 01:05:00,1.24,0.144
05/10/2021 01:10:00,1.28,0.145
05/10/2021 01:15:00,1.27,0.145
05/10/2021 01:20:00,1.30,0.146
05/10/2021 01:25:00,1.30,0.146
05/10/2021 01:30:00,1.30,0.146
05/10/2021 01:35:00,1.27,0.145
05/10/2021 01:40:00,1.28,0.145
05/10/2021 01:45:00,1.26,0.144
05/10/2021 01:50:00,1.28,0.145
05/10/2021 01:55:00,1.27,0.145
05/10/2021 02:00:00,1.27,0.145
05/10/2021 02:05:00,1.30,0.146
05/10/2021 02:10:00,1.29,0.146
05/10/2021 02:15:00,1.27,0.145
05/10/2021 02:20:00,1.27,0.145
05/10/2021 02:25:00,1.28,0.145
05/10/2021 02:30:00,1.26,0.144
05/10/2021 02:35:00,1.31,0.147
05/10/2021 02:40:00,1.27,0.145
05/10/2021 02:45:00,1.28,0.145
05/10/2021 02:50:00,1.27,0.145
05/10/2021 02:55:00,1.26,0.144
05/10/2021 03:00:00,1.25,0.144
05/10/2021 03:05:00,1.28,0.145
05/10/2021 03:10:00,1.28,0.145
05/10/2021 03:15:00,1.29,0.146
05/10/2021 03:20:00,1.29,0.146
05/10/2021 03:25:00,1.27,0.145
05/10/2021 03:30:00,1.26,0.144
05/10/2021 03:35:00,1.26,0.144
05/10/2021 03:40:00,1.27,0.145
05/10/2021 03:45:00,1.23,0.143
05/10/2021 03:50:00,1.26,0.144
05/10/2021 03:55:00,1.26,0.144
05/10/2021 04:00:00,1.26,0.144
05/10/2021 04:05:00,1.27,0.145
05/10/2021 04:10:00,1.26,0.144
05/10/2021 04:15:00,1.24,0.144
05/10/2021 04:20:00,1.28,0.145
05/10/2021 04:25:00,1.26,0.144
05/10/2021 04:30:00,1.29,0.146
05/10/2021 04:35:00,1.28,0.145
05/10/2021 04:40:00,1.21,0.142
05/10/2021 04:45:00,1.23,0.143
05/10/2021 04:50:00,1.26,0.144
05/10/2021 04:55:00,1.25,0.144
05/10/2021 05:00:00,1.29,0.146
05/10/2021 05:05:00,1.27,0.145
05/10/2021 05:10:00,1.30,0.146
05/10/2021 05:15:00,1.29,0.146
05/10/2021 05:20:00,1.26,0.144
05/10/2021 05:25:00,1.29,0.146
05/10/2021 05:30:00,1.27,0.145
05/10/2021 05:35:00,1.24,0.144
05/10/2021 05:40:00,1.27,0.145
05/10/2021 05:45:00,1.25,0.144
05/10/2021 05:50:00,1.28,0.145
05/10/2021 05:55:00,1.25,0.144
05/10/2021 06:00:00,1.25,0.144
05/10/2021 06:05:00,1.25,0.144
05/10/2021 06:10:00,1.27,0.145
05/10/2021 06:15:00,1.26,0.144
05/10/2021 06:20:00,1.25,0.144
05/10/2021 06:25:00,1.24,0.144
05/10/2021 06:30:00,1.29,0.146
05/10/2021 06:35:00,1.26,0.144
05/10/2021 06:40:00,1.23,0.143
05/10/2021 06:45:00,1.25,0.144
05/10/2021 06:50:00,1.24,0.144
05/10/2021 06:55:00,1.25,0.144
05/10/2021 07:00:00,1.24,0.144
05/10/2021 07:05:00,1.27,0.145
05/10/2021 07:10:00,1.25,0.144
05/10/2021 07:15:00,1.25,0.144
05/10/2021 07:20:00,1.23,0.143
05/10/2021 07:25:00,1.22,0.143
05/10/2021 07:30:00,1.23,0.143
05/10/2021 07:35:00,1.25,0.144
05/10/2021 07:40:00,1.23,0.143
05/10/2021 07:45:00,1.21,0.142
05/10/2021 07:50:00,1.22,0.143
05/10/2021 07:55:00,1.24,0.144
05/10/2021 08:00:00,1.26,0.144
05/10/2021 08:05:00,1.23,0.143
05/10/2021 08:10:00,1.26,0.144
05/10/2021 08:15:00,1.20,0.142
05/10/2021 08:20:00,1.24,0.144
05/10/2021 08:25:00,1.27,0.145
05/10/2021 08:30:00,1.23,0.143
05/10/2021 08:35:00,1.24,0.144
05/10/2021 08:40:00,1.24,0.144
05/10/2021 08:45:00,1.24,0.144
05/10/2021 08:50:00,1.23,0.143
05/10/2021 08:55:00,1.26,0.144
05/10/2021 09:00:00,1.23,0.143
05/10/2021 09:05:00,1.23,0.143
05/10/2021 09:10:00,1.19,0.141
05/10/2021 09:15:00,1.20,0.142
05/10/2021 09:20:00,1.20,0.142
05/10/2021 09:25:00,1.20,0.142
05/10/2021 09:30:00,1.18,0.141
05/10/2021 09:35:00,1.21,0.142
05/10/2021 09:40:00,1.20,0.142
05/10/2021 09:45:00,1.20,0.142
05/10/2021 09:50:00,1.21,0.142
05/10/2021 09:55:00,1.21,0.142
05/10/2021 10:00:00,1.17,0.140
05/10/2021 10:05:00,1.18,0.141
05/10/2021 10:10:00,1.17,0.140
05/10/2021 10:15:00,1.18,0.141
05/10/2021 10:20:00,1.19,0.141
05/10/2021 10:25:00,1.18,0.141
05/10/2021 10:30:00,1.18,0.141
05/10/2021 10:35:00,1.15,0.140
05/10/2021 10:40:00,1.14,0.139
05/10/2021 10:45:00,1.16,0.140
05/10/2021 10:50:00,1.17,0.140
05/10/2021 10:55:00,1.14,0.139
05/10/2021 11:00:00,1.15,0.140
05/10/2021 11:05:00,1.16,0.140
05/10/2021 11:10:00,1.13,0.139
05/10/2021 11:15:00,1.13,0.139
05/10/2021 11:20:00,1.14,0.139
05/10/2021 11:25:00,1.12,0.138
05/10/2021 11:30:00,1.12,0.138
05/10/2021 11:35:00,1.10,0.137
05/10/2021 11:40:00,1.13,0.139
05/10/2021 11:45:00,1.15,0.140
05/10/2021 11:50:00,1.11,0.138
05/10/2021 11:55:00,1.13,0.139
05/10/2021 12:00:00,1.09,0.137
05/10/2021 12:05:00,1.10,0.137
05/10/2021 12:10:00,1.10,0.137
05/10/2021 12:15:00,1.08,0.137
05/10/2021 12:20:00,1.09,0.137
05/10/2021 12:25:00,1.10,0.137
05/10/2021 12:30:00,1.06,0.136
05/10/2021 12:35:00,1.08,0.137
05/10/2021 12:40:00,1.08,0.137
05/10/2021 12:45:00,1.07,0.136
05/10/2021 12:50:00,1.06,0.136
05/10/2021 12:55:00,1.06,0.136
05/10/2021 13:00:00,1.07,0.136
05/10/2021 13:05:00,1.07,0.136
05/10/2021 13:10:00,1.07,0.136
05/10/2021 13:15:00,1.06,0.136
05/10/2021 13:20:00,1.07,0.136
05/10/2021 13:25:00,1.05,0.135
05/10/2021 13:30:00,1.03,0.134
05/10/2021 13:35:00,1.04,0.135
05/10/2021 13:40:00,1.07,0.136
05/10/2021 13:45:00,1.07,0.136
05/10/2021 13:50:00,1.06,0.136
05/10/2021 13:55:00,1.08,0.137
05/10/2021 14:00:00,1.10,0.137
05/10/2021 14:05:00,1.05,0.135
05/10/2021 14:10:00,1.07,0.136
05/10/2021 14:15:00,1.04,0.135
05/10/2021 14:20:00,1.04,0.135
05/10/2021 14:25:00,1.03,0.134
05/10/2021 14:30:00,1.05,0.135
05/10/2021 14:35:00,1.06,0.136
05/10/2021 14:40:00,1.06,0.136
05/10/2021 14:45:00,1.04,0.135
05/10/2021 14:50:00,1.04,0.135
05/10/2021 14:55:00,1.07,0.136
05/10/2021 15:00:00,1.06,0.136
05/10/2021 15:05:00,1.05,0.135
05/10/2021 15:10:00,1.04,0.135
05/10/2021 15:15:00,1.04,0.135
05/10/2021 15:20:00,1.01,0.133
05/10/2021 15:25:00,1.03,0.134
05/10/2021 15:30:00,1.03,0.134
05/10/2021 15:35:00,1.00,0.133
05/10/2021 15:40:00,1.04,0.135
05/10/2021 15:45:00,1.01,0.133
05/10/2021 15:50:00,1.03,0.134
05/10/2021 15:55:00,1.03,0.134
05/10/2021 16:00:00,1.05,0.135
05/10/2021 16:05:00,1.07,0.136
05/10/2021 16:10:00,1.03,0.134
05/10/2021 16:15:00,1.03,0.134
05/10/2021 16:20:00,1.05,0.135
05/10/2021 16:25:00,1.08,0.137
05/10/2021 16:30:00,1.05,0.135
05/10/2021 16:35:00,1.04,0.135
05/10/2021 16:40:00,1.06,0.136
05/10/2021 16:45:00,1.09,0.137
05/10/2021 16:50:00,1.07,0.136
05/10/2021 16:55:00,1.04,0.135
05/10/2021 17:00:00,1.06,0.136
05/10/2021 17:05:00,1.05,0.135
05/10/2021 17:10:00,1.05,0.135
05/10/2021 17:15:00,1.07,0.136
05/10/2021 17:20:00,1.09,0.137
05/10/2021 17:25:00,1.08,0.137
05/10/2021 17:30:00,1.07,0.136
05/10/2021 17:35:00,1.08,0.137
05/10/2021 17:40:00,1.09,0.137
05/10/2021 17:45:00,1.09,0.137
05/10/2021 17:50:00,1.07,0.136
05/10/2021 17:55:00,1.06,0.136
05/10/2021 18:00:00,1.05,0.135
05/10/2021 18:05:00,1.04,0.135
05/10/2021 18:10:00,1.05,0.135
05/10/2021 18:15:00,1.08,0.137
05/10/2021 18:20:00,1.06,0.136
05/10/2021 18:25:00,1.06,0.136
05/10/2021 18:30:00,1.05,0.135
05/10/2021 18:35:00,1.08,0.137
05/10/2021 18:40:00,1.09,0.137
05/10/2021 18:45:00,1.08,0.137
05/10/2021 18:50:00,1.09,0.137
05/10/2021 18:55:00,1.07,0.136
05/10/2021 19:00:00,1.09,0.137
05/10/2021 19:05:00,1.07,0.136
05/10/2021 19:10:00,1.09,0.137
05/10/2021 19:15:00,1.06,0.136
05/10/2021 19:20:00,1.07,0.136
05/10/2021 19:25:00,1.10,0.137
05/10/2021 19:30:00,1.08,0.137
05/10/2021 19:35:00,1.10,0.137
05/10/2021 19:40:00,1.09,0.137
05/10/2021 19:45:00,1.11,0.138
05/10/2021 19:50:00,1.09,0.137
05/10/2021 19:55:00,1.12,0.138
05/10/2021 20:00:00,1.12,0.138
05/10/2021 20:05:00,1.10,0.137
05/10/2021 20:10:00,1.11,0.138
05/10/2021 20:15:00,1.10,0.137
05/10/2021 20:20:00,1.09,0.137
05/10/2021 20:25:00,1.11,0.138
05/10/2021 20:30:00,1.10,0.137
05/10/2021 20:35:00,1.08,0.137
05/10/2021 20:40:00,1.13,0.139
05/10/2021 20:45:00,1.06,0.136
05/10/2021 20:50:00,1.11,0.138
05/10/2021 20:55:00,1.11,0.138
05/10/2021 21:00:00,1.10,0.137
05/10/2021 21:05:00,1.13,0.139
05/10/2021 21:10:00,1.13,0.139
05/10/2021 21:15:00,1.11,0.138
05/10/2021 21:20:00,1.09,0.137
05/10/2021 21:25:00,1.10,0.137
05/10/2021 21:30:00,1.08,0.137
05/10/2021 21:35:00,1.10,0.137
05/10/2021 21:40:00,1.12,0.138
05/10/2021 21:45:00,1.12,0.138
05/10/2021 21:50:00,1.12,0.138
05/10/2021 21:55:00,1.11,0.138
05/10/2021 22:00:00,1.14,0.139
05/10/2021 22:05:00,1.12,0.138
05/10/2021 22:10:00,1.12,0.138
05/10/2021 22:15:00,1.12,0.138
05/10/2021 22:20:00,1.11,0.138
05/10/2021 22:25:00,1.12,0.138
05/10/2021 22:30:00,1.09,0.137
05/10/2021 22:35:00,1.12,0.138
05/10/2021 22:40:00,1.11,0.138
05/10/2021 22:45:00,1.09,0.137
05/10/2021 22:50:00,1.10,0.137
05/10/2021 22:55:00,1.11,0.138
05/10/2021 23:00:00,1.10,0.137
05/10/2021 23:05:00,1.09,0.137
05/10/2021 23:10:00,1.05,0.135
05/10/2021 23:15:00,1.10,0.137
05/10/2021 23:20:00,1.12,0.138
05/10/2021 23:25:00,1.10,0.137
05/10/2021 23:30:00,1.12,0.138
05/10/2021 23:35:00,1.10,0.137
05/10/2021 23:40:00,1.12,0.138
05/10/2021 23:45:00,1.15,0.140
05/10/2021 23:50:00,1.12,0.138
05/10/2021 23:55:00,1.13,0.139
05/11/2021 00:00:00,1.16,0.140
05/11/2021 00:05:00,1.14,0.139
05/11/2021 00:10:00,1.16,0.140
05/11/2021 00:15:00,1.15,0.140
05/11/2021 00:20:00,1.15,0.140
05/11/2021 00:25:00,1.17,0.140
05/11/2021 00:30:00,1.16,0.140
05/11/2021 00:35:00,1.14,0.139
05/11/2021 00:40:00,1.15,0.140
05/11/2021 00:45:00,1.15,0.140
05/11/2021 00:50:00,1.15,0.140
05/11/2021 00:55:00,1.18,0.141
05/11/2021 01:00:00,1.18,0.141
05/11/2021 01:05:00,1.19,0.141
05/11/2021 01:10:00,1.16,0.140
05/11/2021 01:15:00,1.18,0.141
05/11/2021 01:20:00,1.18,0.141
05/11/2021 01:25:00,1.15,0.140
05/11/2021 01:30:00,1.18,0.141
05/11/2021 01:35:00,1.18,0.141
05/11/2021 01:40:00,1.17,0.140
05/11/2021 01:45:00,1.16,0.140
05/11/2021 01:50:00,1.19,0.141
05/11/2021 01:55:00,1.19,0.141
05/11/2021 02:00:00,1.17,0.140
05/11/2021 02:05:00,1.18,0.141
05/11/2021 02:10:00,1.19,0.141
05/11/2021 02:15:00,1.19,0.141
05/11/2021 02:20:00,1.17,0.140
05/11/2021 02:25:00,1.20,0.142
05/11/2021 02:30:00,1.18,0.141
05/11/2021 02:35:00,1.19,0.141
05/11/2021 02:40:00,1.19,0.141
05/11/2021 02:45:00,1.18,0.141
05/11/2021 02:50:00,1.18,0.141
05/11/2021 02:55:00,1.21,0.142
05/11/2021 03:00:00,1.17,0.140
05/11/2021 03:05:00,1.19,0.141
05/11/2021 03:10:00,1.18,0.141
05/11/2021 03:15:00,1.18,0.141
05/11/2021 03:20:00,1.18,0.141
05/11/2021 03:25:00,1.18,0.141
05/11/2021 03:30:00,1.19,0.141
05/11/2021 03:35:00,1.16,0.140
05/11/2021 03:40:00,1.18,0.141
05/11/2021 03:45:00,1.14,0.139
05/11/2021 03:50:00,1.16,0.140
05/11/2021 03:55:00,1.16,0.140
05/11/2021 04:00:00,1.17,0.140
05/11/2021 04:05:00,1.16,0.140
05/11/2021 04:10:00,1.15,0.140
05/11/2021 04:15:00,1.17,0.140
05/11/2021 04:20:00,1.19,0.141
05/11/2021 04:25:00,1.19,0.141
05/11/2021 04:30:00,1.15,0.140
05/11/2021 04:35:00,1.18,0.141
05/11/2021 04:40:00,1.16,0.140
05/11/2021 04:45:00,1.15,0.140
05/11/2021 04:50:00,1.13,0.139
05/11/2021 04:55:00,1.19,0.141
05/11/2021 05:00:00,1.16,0.140
05/11/2021 05:05:00,1.18,0.141
05/11/2021 05:10:00,1.15,0.140
05/11/2021 05:15:00,1.16,0.140
05/11/2021 05:20:00,1.14,0.139
05/11/2021 05:25:00,1.16,0.140
05/11/2021 05:30:00,1.14,0.139
05/11/2021 05:35:00,1.16,0.140
05/11/2021 05:40:00,1.13,0.139
05/11/2021 05:45:00,1.13,0.139
05/11/2021 05:50:00,1.16,0.140
05/11/2021 05:55:00,1.13,0.139
05/11/2021 06:00:00,1.18,0.141
05/11/2021 06:05:00,1.18,0.141
05/11/2021 06:10:00,1.13,0.139
05/11/2021 06:15:00,1.14,0.139
05/11/2021 06:20:00,1.12,0.138
05/11/2021 06:25:00,1.13,0.139
05/11/2021 06:30:00,1.13,0.139
05/11/2021 06:35:00,1.15,0.140
05/11/2021 06:40:00,1.15,0.140
05/11/2021 06:45:00,1.13,0.139
05/11/2021 06:50:00,1.12,0.138
05/11/2021 06:55:00,1.13,0.139
05/11/2021 07:00:00,1.13,0.139
05/11/2021 07:05:00,1.14,0.139
05/11/2021 07:10:00,1.11,0.138
05/11/2021 07:15:00,1.13,0.139
05/11/2021 07:20:00,1.15,0.140
05/11/2021 07:25:00,1.16,0.140
05/11/2021 07:30:00,1.15,0.140
05/11/2021 07:35:00,1.13,0.139
05/11/2021 07:40:00,1.14,0.139
05/11/2021 07:45:00,1.13,0.139
05/11/2021 07:50:00,1.12,0.138
05/11/2021 07:55:00,1.12,0.138
05/11/2021 08:00:00,1.12,0.138
05/11/2021 08:05:00,1.11,0.138
05/11/2021 08:10:00,1.12,0.138
05/11/2021 08:15:00,1.11,0.138
05/11/2021 08:20:00,1.13,0.139
05/11/2021 08:25:00,1.14,0.139
05/11/2021 08:30:00,1.13,0.139
05/11/2021 08:35:00,1.13,0.139
05/11/2021 08:40:00,1.13,0.139
05/11/2021 08:45:00,1.12,0.138
05/11/2021 08:50:00,1.08,0.137
05/11/2021 08:55:00,1.11,0.138
05/11/2021 09:00:00,1.09,0.137
05/11/2021 09:05:00,1.10,0.137
05/11/2021 09:10:00,1.13,0.139
05/11/2021 09:15:00,1.12,0.138
05/11/2021 09:20:00,1.09,0.137
05/11/2021 09:25:00,1.10,0.137
05/11/2021 09:30:00,1.07,0.136
05/11/2021 09:35:00,1.09,0.137
05/11/2021 09:40:00,1.09,0.137
05/11/2021 09:45:00,1.09,0.137
05/11/2021 09:50:00,1.07,0.136
05/11/2021 09:55:00,1.07,0.136
05/11/2021 10:00:00,1.06,0.136
05/11/2021 10:05:00,1.06,0.136
05/11/2021 10:10:00,1.05,0.135
05/11/2021 10:15:00,1.10,0.137
05/11/2021 10:20:00,1.09,0.137
05/11/2021 10:25:00,1.07,0.136
05/11/2021 10:30:00,1.05,0.135
05/11/2021 10:35:00,1.06,0.136
05/11/2021 10:40:00,1.09,0.137
05/11/2021 10:45:00,1.06,0.136
05/11/2021 10:50:00,1.06,0.136
05/11/2021 10:55:00,1.05,0.135
05/11/2021 11:00:00,1.04,0.135
05/11/2021 11:05:00,1.05,0.135
05/11/2021 11:10:00,1.05,0.135
05/11/2021 11:15:00,1.03,0.134
05/11/2021 11:20:00,1.01,0.133
05/11/2021 11:25:00,0.99,0.133
05/11/2021 11:30:00,1.01,0.133
05/11/2021 11:35:00,0.98,0.132
05/11/2021 11:40:00,0.96,0.131
05/11/2021 11:45:00,0.99,0.133
05/11/2021 11:50:00,0.96,0.131
05/11/2021 11:55:00,1.00,0.133
05/11/2021 12:00:00,0.98,0.132
05/11/2021 12:05:00,0.96,0.131
05/11/2021 12:10:00,0.98,0.132
05/11/2021 12:15:00,0.97,0.132
05/11/2021 12:20:00,1.00,0.133
05/11/2021 12:25:00,1.00,0.133
05/11/2021 12:30:00,0.99,0.133
05/11/2021 12:35:00,0.98,0.132
05/11/2021 12:40:00,0.97,0.132
05/11/2021 12:45:00,0.97,0.132
05/11/2021 12:50:00,0.97,0.132
05/11/2021 12:55:00,0.97,0.132
05/11/2021 13:00:00,0.95,0.131
05/11/2021 13:05:00,0.95,0.131
05/11/2021 13:10:00,0.94,0.130
05/11/2021 13:15:00,0.98,0.132
05/11/2021 13:20:00,0.96,0.131
05/11/2021 13:25:00,0.95,0.131
05/11/2021 13:30:00,0.94,0.130
05/11/2021 13:35:00,0.94,0.130
05/11/2021 13:40:00,0.95,0.131
05/11/2021 13:45:00,0.95,0.131
05/11/2021 13:50:00,0.97,0.132
05/11/2021 13:55:00,0.94,0.130
05/11/2021 14:00:00,0.94,0.130
05/11/2021 14:05:00,0.94,0.130
05/11/2021 14:10:00,0.93,0.130
05/11/2021 14:15:00,0.94,0.130
05/11/2021 14:20:00,0.96,0.131
05/11/2021 14:25:00,0.95,0.131
05/11/2021 14:30:00,0.94,0.130
05/11/2021 14:35:00,0.95,0.131
05/11/2021 14:40:00,0.94,0.130
05/11/2021 14:45:00,0.92,0.129
05/11/2021 14:50:00,0.97,0.132
05/11/2021 14:55:00,0.93,0.130
05/11/2021 15:00:00,0.95,0.131
05/11/2021 15:05:00,0.95,0.131
05/11/2021 15:10:00,0.95,0.131
05/11/2021 15:15:00,0.91,0.129
05/11/2021 15:20:00,0.94,0.130
05/11/2021 15:25:00,0.94,0.130
05/11/2021 15:30:00,0.94,0.130
05/11/2021 15:35:00,0.92,0.129
05/11/2021 15:40:00,0.95,0.131
05/11/2021 15:45:00,0.91,0.129
05/11/2021 15:50:00,0.95,0.131
05/11/2021 15:55:00,0.96,0.131
05/11/2021 16:00:00,0.95,0.131
05/11/2021 16:05:00,0.95,0.131
05/11/2021 16:10:00,0.94,0.130
05/11/2021 16:15:00,0.95,0.131
05/11/2021 16:20:00,0.97,0.132
05/11/2021 16:25:00,0.94,0.130
05/11/2021 16:30:00,0.97,0.132
05/11/2021 16:35:00,0.96,0.131
05/11/2021 16:40:00,0.95,0.131
05/11/2021 16:45:00,0.96,0.131
05/11/2021 16:50:00,0.93,0.130
05/11/2021 16:55:00,0.93,0.130
05/11/2021 17:00:00,0.94,0.130
05/11/2021 17:05:00,0.97,0.132
05/11/2021 17:10:00,0.92,0.129
05/11/2021 17:15:00,0.92,0.129
05/11/2021 17:20:00,0.93,0.130
05/11/2021 17:25:00,0.96,0.131
05/11/2021 17:30:00,0.94,0.130
05/11/2021 17:35:00,0.94,0.130
05/11/2021 17:40:00,0.95,0.131
05/11/2021 17:45:00,0.94,0.130
05/11/2021 17:50:00,0.95,0.131
05/11/2021 17:55:00,0.98,0.132
05/11/2021 18:00:00,0.98,0.132
05/11/2021 18:05:00,0.96,0.131
05/11/2021 18:10:00,0.98,0.132
05/11/2021 18:15:00,0.95,0.131
05/11/2021 18:20:00,0.94,0.130
05/11/2021 18:25:00,0.95,0.131
05/11/2021 18:30:00,0.95,0.131
05/11/2021 18:35:00,0.96,0.131
05/11/2021 18:40:00,0.97,0.132
05/11/2021 18:45:00,0.94,0.130
05/11/2021 18:50:00,0.98,0.132
05/11/2021 18:55:00,0.97,0.132
05/11/2021 19:00:00,1.00,0.133
05/11/2021 19:05:00,0.97,0.132
05/11/2021 19:10:00,0.97,0.132
05/11/2021 19:15:00,0.97,0.132
05/11/2021 19:20:00,0.95,0.131
05/11/2021 19:25:00,0.99,0.133
05/11/2021 19:30:00,0.96,0.131
05/11/2021 19:35:00,0.98,0.132
05/11/2021 19:40:00,0.98,0.132
05/11/2021 19:45:00,0.99,0.133
05/11/2021 19:50:00,0.97,0.132
05/11/2021 19:55:00,0.98,0.132
05/11/2021 20:00:00,1.00,0.133
05/11/2021 20:05:00,1.02,0.134
05/11/2021 20:10:00,1.00,0.133
05/11/2021 20:15:00,0.98,0.132
05/11/2021 20:20:00,1.00,0.133
05/11/2021 20:25:00,0.98,0.132
05/11/2021 20:30:00,1.02,0.134
05/11/2021 20:35:00,0.98,0.132
05/11/2021 20:40:00,1.04,0.135
05/11/2021 20:45:00,1.00,0.133
05/11/2021 20:50:00,0.97,0.132
05/11/2021 20:55:00,0.97,0.132
05/11/2021 21:00:00,1.00,0.133
05/11/2021 21:05:00,0.98,0.132
05/11/2021 21:10:00,1.00,0.133
05/11/2021 21:15:00,1.00,0.133
05/11/2021 21:20:00,0.98,0.132
05/11/2021 21:25:00,1.02,0.134
05/11/2021 21:30:00,0.98,0.132
05/11/2021 21:35:00,1.01,0.133
05/11/2021 21:40:00,1.00,0.133
05/11/2021 21:45:00,1.03,0.134
05/11/2021 21:50:00,1.02,0.134
05/11/2021 21:55:00,1.01,0.133
05/11/2021 22:00:00,1.02,0.134
05/11/2021 22:05:00,1.00,0.133
05/11/2021 22:10:00,1.01,0.133
05/11/2021 22:15:00,1.03,0.134
05/11/2021 22:20:00,1.00,0.133
05/11/2021 22:25:00,1.00,0.133
05/11/2021 22:30:00,1.00,0.133
05/11/2021 22:35:00,1.00,0.133
05/11/2021 22:40:00,1.03,0.134
05/11/2021 22:45:00,1.00,0.133
05/11/2021 22:50:00,1.00,0.133
05/11/2021 22:55:00,1.01,0.133
05/11/2021 23:00:00,1.01,0.133
05/11/2021 23:05:00,1.02,0.134
05/11/2021 23:10:00,1.04,0.135
05/11/2021 23:15:00,1.01,0.133
05/11/2021 23:20:00,1.03,0.134
05/11/2021 23:25:00,1.02,0.134
05/11/2021 23:30:00,1.03,0.134
05/11/2021 23:35:00,1.03,0.134
05/11/2021 23:40:00,1.01,0.133
05/11/2021 23:45:00,1.01,0.133
05/11/2021 23:50:00,1.01,0.133
05/11/2021 23:55:00,1.04,0.135
05/12/2021 00:00:00,1.01,0.133
05/12/2021 00:05:00,1.04,0.135
05/12/2021 00:10:00,1.00,0.133
05/12/2021 00:15:00,1.02,0.134
05/12/2021 00:20:00,1.02,0.134
05/12/2021 00:25:00,0.98,0.132
05/12/2021 00:30:00,1.01,0.133
05/12/2021 00:35:00,1.00,0.133
05/12/2021 00:40:00,1.01,0.133
05/12/2021 00:45:00,1.03,0.134
05/12/2021 00:50:00,1.03,0.134
05/12/2021 00:55:00,1.01,0.133
05/12/2021 01:00:00,1.06,0.136
05/12/2021 01:05:00,1.04,0.135
05/12/2021 01:10:00,1.01,0.133
05/12/2021 01:15:00,1.01,0.133
05/12/2021 01:20:00,1.04,0.135
05/12/2021 01:25:00,1.01,0.133
05/12/2021 01:30:00,1.02,0.134
05/12/2021 01:35:00,1.03,0.134
05/12/2021 01:40:00,1.05,0.135
05/12/2021 01:45:00,1.01,0.133
05/12/2021 01:50:00,1.01,0.133
05/12/2021 01:55:00,1.03,0.134
05/12/2021 02:00:00,1.04,0.135
05/12/2021 02:05:00,1.03,0.134
05/12/2021 02:10:00,1.04,0.135
05/12/2021 02:15:00,1.05,0.135
05/12/2021 02:20:00,1.06,0.136
05/12/2021 02:25:00,1.02,0.134
05/12/2021 02:30:00,1.03,0.134
05/12/2021 02:35:00,1.05,0.135
05/12/2021 02:40:00,1.03,0.134
05/12/2021 02:45:00,1.02,0.134
05/12/2021 02:50:00,1.02,0.134
05/12/2021 02:55:00,1.03,0.134
05/12/2021 03:00:00,1.03,0.134
05/12/2021 03:05:00,1.03,0.134
05/12/2021 03:10:00,1.04,0.135
05/12/2021 03:15:00,1.04,0.135
05/12/2021 03:20:00,0.98,0.132
05/12/2021 03:25:00,1.03,0.134
05/12/2021 03:30:00,1.01,0.133
05/12/2021 03:35:00,0.97,0.132
05/12/2021 03:40:00,1.03,0.134
05/12/2021 03:45:00,1.03,0.134
05/12/2021 03:50:00,1.04,0.135
05/12/2021 03:55:00,1.00,0.133
05/12/2021 04:00:00,1.03,0.134
05/12/2021 04:05:00,1.01,0.133
05/12/2021 04:10:00,1.06,0.136
05/12/2021 04:15:00,1.03,0.134
05/12/2021 04:20:00,1.01,0.133
05/12/2021 04:25:00,1.03,0.134
05/12/2021 04:30:00,1.01,0.133
05/12/2021 04:35:00,1.01,0.133
05/12/2021 04:40:00,1.01,0.133
05/12/2021 04:45:00,1.01,0.133
05/12/2021 04:50:00,1.03,0.134
05/12/2021 04:55:00,1.01,0.133
05/12/2021 05:00:00,1.03,0.134
05/12/2021 05:05:00,1.02,0.134
05/12/2021 05:10:00,1.06,0.136
05/12/2021 05:15:00,1.06,0.136
05/12/2021 05:20:00,1.01,0.133
05/12/2021 05:25:00,1.02,0.134
05/12/2021 05:30:00,1.00,0.133
05/12/2021 05:35:00,1.01,0.133
05/12/2021 05:40:00,1.01,0.133
05/12/2021 05:45:00,1.00,0.133
05/12/2021 05:50:00,0.98,0.132
05/12/2021 05:55:00,1.01,0.133
05/12/2021 06:00:00,0.99,0.133
05/12/2021 06:05:00,0.95,0.131
05/12/2021 06:10:00,0.98,0.132
05/12/2021 06:15:00,0.98,0.132
05/12/2021 06:20:00,1.00,0.133
05/12/2021 06:25:00,0.99,0.133
05/12/2021 06:30:00,0.98,0.132
05/12/2021 06:35:00,0.99,0.133
05/12/2021 06:40:00,1.01,0.133
05/12/2021 06:45:00,0.96,0.131
05/12/2021 06:50:00,0.94,0.130
05/12/2021 06:55:00,1.00,0.133
05/12/2021 07:00:00,0.97,0.132
05/12/2021 07:05:00,1.00,0.133
05/12/2021 07:10:00,0.99,0.133
05/12/2021 07:15:00,0.98,0.132
05/12/2021 07:20:00,0.97,0.132
05/12/2021 07:25:00,0.99,0.133
05/12/2021 07:30:00,0.98,0.132
05/12/2021 07:35:00,0.99,0.133
05/12/2021 07:40:00,0.97,0.132
05/12/2021 07:45:00,1.00,0.133
05/12/2021 07:50:00,0.97,0.132
05/12/2021 07:55:00,0.96,0.131
05/12/2021 08:00:00,0.97,0.132
05/12/2021 08:05:00,0.98,0.132
05/12/2021 08:10:00,0.97,0.132
05/12/2021 08:15:00,1.00,0.133
05/12/2021 08:20:00,0.95,0.131
05/12/2021 08:25:00,1.04,0.135
05/12/2021 08:30:00,1.03,0.134
05/12/2021 08:35:00,1.01,0.133
05/12/2021 08:40:00,1.03,0.134
05/12/2021 08:45:00,1.02,0.134
05/12/2021 08:50:00,0.98,0.132
05/12/2021 08:55:00,1.00,0.133
05/12/2021 09:00:00,0.99,0.133
05/12/2021 09:05:00,0.99,0.133
05/12/2021 09:10:00,1.01,0.133
05/12/2021 09:15:00,0.99,0.133
05/12/2021 09:20:00,0.98,0.132
05/12/2021 09:25:00,0.97,0.132
05/12/2021 09:30:00,0.99,0.133
05/12/2021 09:35:00,0.98,0.132
05/12/2021 09:40:00,0.98,0.132
05/12/2021 09:45:00,0.97,0.132
05/12/2021 09:50:00,0.95,0.131
05/12/2021 09:55:00,0.97,0.132
05/12/2021 10:00:00,0.94,0.130
05/12/2021 10:05:00,0.95,0.131
05/12/2021 10:10:00,0.95,0.131
05/12/2021 10:15:00,0.95,0.131
05/12/2021 10:20:00,0.96,0.131
05/12/2021 10:25:00,0.97,0.132
05/12/2021 10:30:00,0.98,0.132
05/12/2021 10:35:00,0.97,0.132
05/12/2021 10:40:00,0.97,0.132
05/12/2021 10:45:00,0.94,0.130
05/12/2021 10:50:00,0.94,0.130
05/12/2021 10:55:00,0.92,0.129
05/12/2021 11:00:00,0.93,0.130
05/12/2021 11:05:00,0.94,0.130
05/12/2021 11:10:00,0.92,0.129
05/12/2021 11:15:00,0.91,0.129
05/12/2021 11:20:00,0.87,0.127
05/12/2021 11:25:00,0.91,0.129
05/12/2021 11:30:00,0.89,0.128
05/12/2021 11:35:00,0.89,0.128
05/12/2021 11:40:00,0.89,0.128
05/12/2021 11:45:00,0.87,0.127
05/12/2021 11:50:00,0.88,0.127
05/12/2021 11:55:00,0.85,0.126
05/12/2021 12:00:00,0.85,0.126
05/12/2021 12:05:00,0.83,0.125
05/12/2021 12:10:00,0.86,0.126
05/12/2021 12:15:00,0.83,0.125
05/12/2021 12:20:00,0.81,0.124
05/12/2021 12:25:00,0.84,0.125
05/12/2021 12:30:00,0.81,0.124
05/12/2021 12:35:00,0.84,0.125
05/12/2021 12:40:00,0.83,0.125
05/12/2021 12:45:00,0.81,0.124
05/12/2021 12:50:00,0.83,0.125
05/12/2021 12:55:00,0.83,0.125
05/12/2021 13:00:00,0.84,0.125
05/12/2021 13:05:00,0.81,0.124
05/12/2021 13:10:00,0.83,0.125
05/12/2021 13:15:00,0.81,0.124
05/12/2021 13:20:00,0.84,0.125
05/12/2021 13:25:00,0.83,0.125
05/12/2021 13:30:00,0.83,0.125
05/12/2021 13:35:00,0.83,0.125
05/12/2021 13:40:00,0.81,0.124
05/12/2021 13:45:00,0.81,0.124
05/12/2021 13:50:00,0.84,0.125
05/12/2021 13:55:00,0.81,0.124
05/12/2021 14:00:00,0.82,0.124
05/12/2021 14:05:00,0.81,0.124
05/12/2021 14:10:00,0.82,0.124
05/12/2021 14:15:00,0.81,0.124
05/12/2021 14:20:00,0.82,0.124
05/12/2021 14:25:00,0.83,0.125
05/12/2021 14:30:00,0.81,0.124
05/12/2021 14:35:00,0.83,0.125
05/12/2021 14:40:00,0.80,0.123
05/12/2021 14:45:00,0.80,0.123
05/12/2021 14:50:00,0.83,0.125
05/12/2021 14:55:00,0.84,0.125
05/12/2021 15:00:00,0.84,0.125
05/12/2021 15:05:00,0.81,0.124
05/12/2021 15:10:00,0.81,0.124
05/12/2021 15:15:00,0.82,0.124
05/12/2021 15:20:00,0.82,0.124
05/12/2021 15:25:00,0.83,0.125
05/12/2021 15:30:00,0.80,0.123
05/12/2021 15:35:00,0.82,0.124
05/12/2021 15:40:00,0.81,0.124
05/12/2021 15:45:00,0.78,0.122
05/12/2021 15:50:00,0.81,0.124
05/12/2021 15:55:00,0.78,0.122
05/12/2021 16:00:00,0.79,0.123
05/12/2021 16:05:00,0.80,0.123
05/12/2021 16:10:00,0.81,0.124
05/12/2021 16:15:00,0.81,0.124
05/12/2021 16:20:00,0.80,0.123
05/12/2021 16:25:00,0.80,0.123
05/12/2021 16:30:00,0.80,0.123
05/12/2021 16:35:00,0.79,0.123
05/12/2021 16:40:00,0.79,0.123
05/12/2021 16:45:00,0.80,0.123
05/12/2021 16:50:00,0.86,0.126
05/12/2021 16:55:00,0.86,0.126
05/12/2021 17:00:00,0.83,0.125
05/12/2021 17:05:00,0.82,0.124
05/12/2021 17:10:00,0.86,0.126
05/12/2021 17:15:00,0.86,0.126
05/12/2021 17:20:00,0.82,0.124
05/12/2021 17:25:00,0.81,0.124
05/12/2021 17:30:00,0.83,0.125
05/12/2021 17:35:00,0.81,0.124
05/12/2021 17:40:00,0.84,0.125
05/12/2021 17:45:00,0.84,0.125
05/12/2021 17:50:00,0.85,0.126
05/12/2021 17:55:00,0.88,0.127
05/12/2021 18:00:00,0.87,0.127
05/12/2021 18:05:00,0.86,0.126
05/12/2021 18:10:00,0.89,0.128
05/12/2021 18:15:00,0.87,0.127
05/12/2021 18:20:00,0.91,0.129
05/12/2021 18:25:00,0.88,0.127
05/12/2021 18:30:00,0.88,0.127
05/12/2021 18:35:00,0.91,0.129
05/12/2021 18:40:00,0.89,0.128
05/12/2021 18:45:00,0.92,0.129
05/12/2021 18:50:00,0.88,0.127
05/12/2021 18:55:00,0.87,0.127
05/12/2021 19:00:00,0.88,0.127
05/12/2021 19:05:00,0.91,0.129
05/12/2021 19:10:00,0.92,0.129
05/12/2021 19:15:00,0.91,0.129
05/12/2021 19:20:00,0.91,0.129
05/12/2021 19:25:00,0.89,0.128
05/12/2021 19:30:00,0.91,0.129
05/12/2021 19:35:00,0.91,0.129
05/12/2021 19:40:00,0.92,0.129
05/12/2021 19:45:00,0.91,0.129
05/12/2021 19:50:00,0.90,0.128
05/12/2021 19:55:00,0.92,0.129
05/12/2021 20:00:00,0.87,0.127
05/12/2021 20:05:00,0.89,0.128
05/12/2021 20:10:00,0.90,0.128
05/12/2021 20:15:00,0.87,0.127
05/12/2021 20:20:00,0.91,0.129
05/12/2021 20:25:00,0.89,0.128
05/12/2021 20:30:00,0.87,0.127
05/12/2021 20:35:00,0.87,0.127
05/12/2021 20:40:00,0.91,0.129
05/12/2021 20:45:00,0.91,0.129
05/12/2021 20:50:00,0.90,0.128
05/12/2021 20:55:00,0.89,0.128
05/12/2021 21:00:00,0.90,0.128
05/12/2021 21:05:00,0.88,0.127
05/12/2021 21:10:00,0.90,0.128
05/12/2021 21:15:00,0.88,0.127
05/12/2021 21:20:00,0.91,0.129
05/12/2021 21:25:00,0.88,0.127
05/12/2021 21:30:00,0.87,0.127
05/12/2021 21:35:00,0.89,0.128
05/12/2021 21:40:00,0.91,0.129
05/12/2021 21:45:00,0.88,0.127
05/12/2021 21:50:00,0.86,0.126
05/12/2021 21:55:00,0.87,0.127
05/12/2021 22:00:00,0.87,0.127
05/12/2021 22:05:00,0.91,0.129
05/12/2021 22:10:00,0.89,0.128
05/12/2021 22:15:00,0.91,0.129
05/12/2021 22:20:00,0.90,0.128
05/12/2021 22:25:00,0.87,0.127
05/12/2021 22:30:00,0.91,0.129
05/12/2021 22:35:00,0.89,0.128
05/12/2021 22:40:00,0.90,0.128
05/12/2021 22:45:00,0.90,0.128
05/12/2021 22:50:00,0.92,0.129
05/12/2021 22:55:00,0.92,0.129
05/12/2021 23:00:00,0.90,0.128
05/12/2021 23:05:00,0.90,0.128
05/12/2021 23:10:00,0.90,0.128
05/12/2021 23:15:00,0.91,0.129
05/12/2021 23:20:00,0.87,0.127
05/12/2021 23:25:00,0.87,0.127
05/12/2021 23:30:00,0.87,0.127
05/12/2021 23:35:00,0.89,0.128
05/12/2021 23:40:00,0.89,0.128
05/12/2021 23:45:00,0.90,0.128
05/12/2021 23:50:00,0.89,0.128
05/12/2021 23:55:00,0.89,0.128
05/13/2021 00:00:00,0.90,0.128
05/13/2021 00:05:00,0.93,0.130
05/13/2021 00:10:00,0.89,0.128
05/13/2021 00:15:00,0.90,0.128
05/13/2021 00:20:00,0.90,0.128
05/13/2021 00:25:00,0.89,0.128
05/13/2021 00:30:00,0.92,0.129
05/13/2021 00:35:00,0.90,0.128
05/13/2021 00:40:00,0.92,0.129
05/13/2021 00:45:00,0.90,0.128
05/13/2021 00:50:00,0.92,0.129
05/13/2021 00:55:00,0.91,0.129
05/13/2021 01:00:00,0.90,0.128
05/13/2021 01:05:00,0.90,0.128
05/13/2021 01:10:00,0.91,0.129
05/13/2021 01:15:00,0.90,0.128
05/13/2021 01:20:00,0.90,0.128
05/13/2021 01:25:00,0.93,0.130
05/13/2021 01:30:00,0.92,0.129
05/13/2021 01:35:00,0.91,0.129
05/13/2021 01:40:00,0.94,0.130
05/13/2021 01:45:00,0.92,0.129
05/13/2021 01:50:00,0.92,0.129
05/13/2021 01:55:00,0.92,0.129
05/13/2021 02:00:00,0.92,0.129
05/13/2021 02:05:00,0.90,0.128
05/13/2021 02:10:00,0.92,0.129
05/13/2021 02:15:00,0.92,0.129
05/13/2021 02:20:00,0.94,0.130
05/13/2021 02:25:00,0.93,0.130
05/13/2021 02:30:00,0.91,0.129
05/13/2021 02:35:00,0.94,0.130
05/13/2021 02:40:00,0.92,0.129
05/13/2021 02:45:00,0.95,0.131
05/13/2021 02:50:00,0.92,0.129
05/13/2021 02:55:00,0.93,0.130
05/13/2021 03:00:00,0.92,0.129
05/13/2021 03:05:00,0.95,0.131
05/13/2021 03:10:00,0.92,0.129
05/13/2021 03:15:00,0.94,0.130
05/13/2021 03:20:00,0.94,0.130
05/13/2021 03:25:00,0.94,0.130
05/13/2021 03:30:00,0.93,0.130
05/13/2021 03:35:00,0.94,0.130
05/13/2021 03:40:00,0.95,0.131
05/13/2021 03:45:00,0.93,0.130
05/13/2021 03:50:00,0.90,0.128
05/13/2021 03:55:00,0.95,0.131
05/13/2021 04:00:00,0.95,0.131
05/13/2021 04:05:00,0.95,0.131
05/13/2021 04:10:00,0.97,0.132
05/13/2021 04:15:00,0.96,0.131
05/13/2021 04:20:00,0.94,0.130
05/13/2021 04:25:00,0.96,0.131
05/13/2021 04:30:00,1.00,0.133
05/13/2021 04:35:00,0.98,0.132
05/13/2021 04:40:00,1.00,0.133
05/13/2021 04:45:00,0.95,0.131
05/13/2021 04:50:00,0.95,0.131
05/13/2021 04:55:00,0.96,0.131
05/13/2021 05:00:00,0.94,0.130
05/13/2021 05:05:00,0.95,0.131
05/13/2021 05:10:00,0.92,0.129
05/13/2021 05:15:00,0.92,0.129
05/13/2021 05:20:00,0.92,0.129
05/13/2021 05:25:00,0.93,0.130
05/13/2021 05:30:00,0.95,0.131
05/13/2021 05:35:00,0.92,0.129
05/13/2021 05:40:00,1.00,0.133
05/13/2021 05:45:00,0.94,0.130
05/13/2021 05:50:00,0.97,0.132
05/13/2021 05:55:00,0.94,0.130
05/13/2021 06:00:00,0.95,0.131
05/13/2021 06:05:00,0.92,0.129
05/13/2021 06:10:00,0.93,0.130
05/13/2021 06:15:00,0.89,0.128
05/13/2021 06:20:00,0.92,0.129
05/13/2021 06:25:00,0.92,0.129
05/13/2021 06:30:00,0.94,0.130
05/13/2021 06:35:00,0.95,0.131
05/13/2021 06:40:00,0.90,0.128
05/13/2021 06:45:00,0.89,0.128
05/13/2021 06:50:00,0.89,0.128
05/13/2021 06:55:00,0.93,0.130
05/13/2021 07:00:00,0.92,0.129
05/13/2021 07:05:00,0.90,0.128
05/13/2021 07:10:00,0.90,0.128
05/13/2021 07:15:00,0.91,0.129
05/13/2021 07:20:00,0.90,0.128
05/13/2021 07:25:00,0.89,0.128
05/13/2021 07:30:00,0.90,0.128
05/13/2021 07:35:00,0.89,0.128
05/13/2021 07:40:00,0.89,0.128
05/13/2021 07:45:00,0.89,0.128
05/13/2021 07:50:00,0.92,0.129
05/13/2021 07:55:00,0.90,0.128
05/13/2021 08:00:00,0.90,0.128
05/13/2021 08:05:00,0.92,0.129
05/13/2021 08:10:00,0.89,0.128
05/13/2021 08:15:00,0.92,0.129
05/13/2021 08:20:00,0.91,0.129
05/13/2021 08:25:00,0.88,0.127
05/13/2021 08:30:00,0.89,0.128
05/13/2021 08:35:00,0.89,0.128
05/13/2021 08:40:00,0.89,0.128
05/13/2021 08:45:00,0.89,0.128
05/13/2021 08:50:00,0.90,0.128
05/13/2021 08:55:00,0.90,0.128
05/13/2021 09:00:00,0.90,0.128
05/13/2021 09:05:00,0.89,0.128
05/13/2021 09:10:00,0.90,0.128
05/13/2021 09:15:00,0.89,0.128
05/13/2021 09:20:00,0.89,0.128
05/13/2021 09:25:00,0.87,0.127
05/13/2021 09:30:00,0.89,0.128
05/13/2021 09:35:00,0.90,0.128
05/13/2021 09:40:00,0.90,0.128
05/13/2021 09:45:00,0.89,0.128
05/13/2021 09:50:00,0.88,0.127
05/13/2021 09:55:00,0.90,0.128
05/13/2021 10:00:00,0.87,0.127
05/13/2021 10:05:00,0.87,0.127
05/13/2021 10:10:00,0.84,0.125
05/13/2021 10:15:00,0.87,0.127
05/13/2021 10:20:00,0.89,0.128
05/13/2021 10:25:00,0.84,0.125
05/13/2021 10:30:00,0.87,0.127
05/13/2021 10:35:00,0.88,0.127
05/13/2021 10:40:00,0.87,0.127
05/13/2021 10:45:00,0.93,0.130
05/13/2021 10:50:00,0.86,0.126
05/13/2021 10:55:00,0.87,0.127
05/13/2021 11:00:00,0.89,0.128
05/13/2021 11:05:00,0.85,0.126
05/13/2021 11:10:00,0.88,0.127
05/13/2021 11:15:00,0.84,0.125
05/13/2021 11:20:00,0.86,0.126
05/13/2021 11:25:00,0.86,0.126
05/13/2021 11:30:00,0.85,0.126
05/13/2021 11:35:00,0.83,0.125
05/13/2021 11:40:00,0.86,0.126
05/13/2021 11:45:00,0.83,0.125
05/13/2021 11:50:00,0.85,0.126
05/13/2021 11:55:00,0.84,0.125
05/13/2021 12:00:00,0.84,0.125
05/13/2021 12:05:00,0.83,0.125
05/13/2021 12:10:00,0.84,0.125
05/13/2021 12:15:00,0.84,0.125
05/13/2021 12:20:00,0.83,0.125
05/13/2021 12:25:00,0.81,0.124
05/13/2021 12:30:00,0.78,0.122
05/13/2021 12:35:00,0.74,0.120
05/13/2021 12:40:00,0.77,0.122
05/13/2021 12:45:00,0.74,0.120
05/13/2021 12:50:00,0.75,0.121
05/13/2021 12:55:00,0.77,0.122
05/13/2021 13:00:00,0.76,0.121
05/13/2021 13:05:00,0.75,0.121
05/13/2021 13:10:00,0.75,0.121
05/13/2021 13:15:00,0.74,0.120
05/13/2021 13:20:00,0.75,0.121
05/13/2021 13:25:00,0.75,0.121
05/13/2021 13:30:00,0.75,0.121
05/13/2021 13:35:00,0.73,0.120
05/13/2021 13:40:00,0.72,0.119
05/13/2021 13:45:00,0.74,0.120
05/13/2021 13:50:00,0.75,0.121
05/13/2021 13:55:00,0.74,0.120
05/13/2021 14:00:00,0.76,0.121
05/13/2021 14:05:00,0.77,0.122
05/13/2021 14:10:00,0.77,0.122
05/13/2021 14:15:00,0.77,0.122
05/13/2021 14:20:00,0.74,0.120
05/13/2021 14:25:00,0.75,0.121
05/13/2021 14:30:00,0.77,0.122
05/13/2021 14:35:00,0.74,0.120
05/13/2021 14:40:00,0.74,0.120
05/13/2021 14:45:00,0.74,0.120
05/13/2021 14:50:00,0.76,0.121
05/13/2021 14:55:00,0.77,0.122
05/13/2021 15:00:00,0.73,0.120
05/13/2021 15:05:00,0.74,0.120
05/13/2021 15:10:00,0.75,0.121
05/13/2021 15:15:00,0.76,0.121
05/13/2021 15:20:00,0.74,0.120
05/13/2021 15:25:00,0.72,0.119
05/13/2021 15:30:00,0.75,0.121
05/13/2021 15:35:00,0.75,0.121
05/13/2021 15:40:00,0.69,0.118
05/13/2021 15:45:00,0.74,0.120
05/13/2021 15:50:00,0.74,0.120
05/13/2021 15:55:00,0.74,0.120
05/13/2021 16:00:00,0.71,0.119
05/13/2021 16:05:00,0.72,0.119
05/13/2021 16:10:00,0.70,0.118
05/13/2021 16:15:00,0.74,0.120
05/13/2021 16:20:00,0.70,0.118
05/13/2021 16:25:00,0.72,0.119
05/13/2021 16:30:00,0.72,0.119
05/13/2021 16:35:00,0.71,0.119
05/13/2021 16:40:00,0.72,0.119
05/13/2021 16:45:00,0.69,0.118
05/13/2021 16:50:00,0.74,0.120
05/13/2021 16:55:00,0.75,0.121
05/13/2021 17:00:00,0.73,0.120
05/13/2021 17:05:00,0.72,0.119
05/13/2021 17:10:00,0.72,0.119
05/13/2021 17:15:00,0.76,0.121
05/13/2021 17:20:00,0.75,0.121
05/13/2021 17:25:00,0.75,0.121
05/13/2021 17:30:00,0.75,0.121
05/13/2021 17:35:00,0.74,0.120
05/13/2021 17:40:00,0.71,0.119
05/13/2021 17:45:00,0.74,0.120
05/13/2021 17:50:00,0.77,0.122
05/13/2021 17:55:00,0.75,0.121
05/13/2021 18:00:00,0.75,0.121
05/13/2021 18:05:00,0.75,0.121
05/13/2021 18:10:00,0.74,0.120
05/13/2021 18:15:00,0.77,0.122
05/13/2021 18:20:00,0.77,0.122
05/13/2021 18:25:00,0.74,0.120
05/13/2021 18:30:00,0.77,0.122
05/13/2021 18:35:00,0.76,0.121
05/13/2021 18:40:00,0.74,0.120
05/13/2021 18:45:00,0.75,0.121
05/13/2021 18:50:00,0.76,0.121
05/13/2021 18:55:00,0.74,0.120
05/13/2021 19:00:00,0.77,0.122
05/13/2021 19:05:00,0.75,0.121
05/13/2021 19:10:00,0.74,0.120
05/13/2021 19:15:00,0.78,0.122
05/13/2021 19:20:00,0.77,0.122
05/13/2021 19:25:00,0.77,0.122
05/13/2021 19:30:00,0.74,0.120
05/13/2021 19:35:00,0.76,0.121
05/13/2021 19:40:00,0.78,0.122
05/13/2021 19:45:00,0.75,0.121
05/13/2021 19:50:00,0.76,0.121
05/13/2021 19:55:00,0.75,0.121
05/13/2021 20:00:00,0.76,0.121
05/13/2021 20:05:00,0.77,0.122
05/13/2021 20:10:00,0.75,0.121
05/13/2021 20:15:00,0.79,0.123
05/13/2021 20:20:00,0.80,0.123
05/13/2021 20:25:00,0.80,0.123
05/13/2021 20:30:00,0.78,0.122
05/13/2021 20:35:00,0.83,0.125
05/13/2021 20:40:00,0.83,0.125
05/13/2021 20:45:00,0.81,0.124
05/13/2021 20:50:00,0.80,0.123
05/13/2021 20:55:00,0.82,0.124
05/13/2021 21:00:00,0.81,0.124
05/13/2021 21:05:00,0.80,0.123
05/13/2021 21:10:00,0.82,0.124
05/13/2021 21:15:00,0.80,0.123
05/13/2021 21:20:00,0.80,0.123
05/13/2021 21:25:00,0.82,0.124
05/13/2021 21:30:00,0.81,0.124
05/13/2021 21:35:00,0.84,0.125
05/13/2021 21:40:00,0.83,0.125
05/13/2021 21:45:00,0.83,0.125
05/13/2021 21:50:00,0.84,0.125
05/13/2021 21:55:00,0.81,0.124
05/13/2021 22:00:00,0.84,0.125
05/13/2021 22:05:00,0.83,0.125
05/13/2021 22:10:00,0.83,0.125
05/13/2021 22:15:00,0.84,0.125
05/13/2021 22:20:00,0.83,0.125
05/13/2021 22:25:00,0.81,0.124
05/13/2021 22:30:00,0.84,0.125
05/13/2021 22:35:00,0.85,0.126
05/13/2021 22:40:00,0.85,0.126
05/13/2021 22:45:00,0.85,0.126
05/13/2021 22:50:00,0.83,0.125
05/13/2021 22:55:00,0.87,0.127
05/13/2021 23:00:00,0.85,0.126
05/13/2021 23:05:00,0.87,0.127
05/13/2021 23:10:00,0.89,0.128
05/13/2021 23:15:00,0.90,0.128
05/13/2021 23:20:00,0.89,0.128
05/13/2021 23:25:00,0.87,0.127
05/13/2021 23:30:00,0.89,0.128
05/13/2021 23:35:00,0.87,0.127
05/13/2021 23:40:00,0.89,0.128
05/13/2021 23:45:00,0.90,0.128
05/13/2021 23:50:00,0.87,0.127
05/13/2021 23:55:00,0.89,0.128
05/14/2021 00:00:00,0.86,0.126
05/14/2021 00:05:00,0.89,0.128
05/14/2021 00:10:00,0.89,0.128
05/14/2021 00:15:00,0.86,0.126
05/14/2021 00:20:00,0.89,0.128
05/14/2021 00:25:00,0.89,0.128
05/14/2021 00:30:00,0.93,0.130
05/14/2021 00:35:00,0.90,0.128
05/14/2021 00:40:00,0.89,0.128
05/14/2021 00:45:00,0.89,0.128
05/14/2021 00:50:00,0.89,0.128
05/14/2021 00:55:00,0.92,0.129
05/14/2021 01:00:00,0.90,0.128
05/14/2021 01:05:00,0.87,0.127
05/14/2021 01:10:00,0.90,0.128
05/14/2021 01:15:00,0.92,0.129
05/14/2021 01:20:00,0.93,0.130
05/14/2021 01:25:00,0.87,0.127
05/14/2021 01:30:00,0.92,0.129
05/14/2021 01:35:00,0.90,0.128
05/14/2021 01:40:00,0.92,0.129
05/14/2021 01:45:00,0.89,0.128
05/14/2021 01:50:00,0.94,0.130
05/14/2021 01:55:00,0.90,0.128
05/14/2021 02:00:00,0.91,0.129
05/14/2021 02:05:00,0.92,0.129
05/14/2021 02:10:00,0.89,0.128
05/14/2021 02:15:00,0.89,0.128
05/14/2021 02:20:00,0.92,0.129
05/14/2021 02:25:00,0.95,0.131
05/14/2021 02:30:00,0.90,0.128
05/14/2021 02:35:00,0.94,0.130
05/14/2021 02:40:00,0.92,0.129
05/14/2021 02:45:00,0.94,0.130
05/14/2021 02:50:00,0.93,0.130
05/14/2021 02:55:00,0.93,0.130
05/14/2021 03:00:00,0.92,0.129
05/14/2021 03:05:00,0.93,0.130
05/14/2021 03:10:00,0.90,0.128
05/14/2021 03:15:00,0.94,0.130
05/14/2021 03:20:00,0.93,0.130
05/14/2021 03:25:00,0.95,0.131
05/14/2021 03:30:00,0.92,0.129
05/14/2021 03:35:00,0.95,0.131
05/14/2021 03:40:00,0.90,0.128
05/14/2021 03:45:00,0.92,0.129
05/14/2021 03:50:00,0.94,0.130
05/14/2021 03:55:00,0.92,0.129
05/14/2021 04:00:00,0.92,0.129
05/14/2021 04:05:00,0.93,0.130
05/14/2021 04:10:00,0.93,0.130
05/14/2021 04:15:00,0.93,0.130
05/14/2021 04:20:00,0.90,0.128
05/14/2021 04:25:00,0.92,0.129
05/14/2021 04:30:00,0.90,0.128
05/14/2021 04:35:00,0.90,0.128
05/14/2021 04:40:00,0.90,0.128
05/14/2021 04:45:00,0.92,0.129
05/14/2021 04:50:00,0.91,0.129
05/14/2021 04:55:00,0.94,0.130
05/14/2021 05:00:00,0.92,0.129
05/14/2021 05:05:00,0.92,0.129
05/14/2021 05:10:00,0.92,0.129
05/14/2021 05:15:00,0.90,0.128
05/14/2021 05:20:00,0.92,0.129
05/14/2021 05:25:00,0.93,0.130
05/14/2021 05:30:00,0.95,0.131
05/14/2021 05:35:00,0.95,0.131
05/14/2021 05:40:00,0.97,0.132
05/14/2021 05:45:00,0.97,0.132
05/14/2021 05:50:00,0.99,0.133
05/14/2021 05:55:00,0.98,0.132
05/14/2021 06:00:00,0.99,0.133
05/14/2021 06:05:00,0.97,0.132
05/14/2021 06:10:00,0.97,0.132
05/14/2021 06:15:00,0.95,0.131
05/14/2021 06:20:00,0.98,0.132
05/14/2021 06:25:00,0.97,0.132
05/14/2021 06:30:00,0.91,0.129
05/14/2021 06:35:00,0.92,0.129
05/14/2021 06:40:00,0.90,0.128
05/14/2021 06:45:00,0.92,0.129
05/14/2021 06:50:00,0.84,0.125
05/14/2021 06:55:00,0.87,0.127
05/14/2021 07:00:00,0.87,0.127
05/14/2021 07:05:00,0.90,0.128
05/14/2021 07:10:00,0.89,0.128
05/14/2021 07:15:00,0.90,0.128
05/14/2021 07:20:00,0.84,0.125
05/14/2021 07:25:00,0.89,0.128
05/14/2021 07:30:00,0.88,0.127
05/14/2021 07:35:00,0.89,0.128
05/14/2021 07:40:00,0.88,0.127
05/14/2021 07:45:00,0.90,0.128
05/14/2021 07:50:00,0.89,0.128
05/14/2021 07:55:00,0.89,0.128
05/14/2021 08:00:00,0.90,0.128
05/14/2021 08:05:00,0.86,0.126
05/14/2021 08:10:00,0.92,0.129
05/14/2021 08:15:00,0.90,0.128
05/14/2021 08:20:00,0.92,0.129
05/14/2021 08:25:00,0.91,0.129
05/14/2021 08:30:00,0.90,0.128
05/14/2021 08:35:00,0.93,0.130
05/14/2021 08:40:00,0.90,0.128
05/14/2021 08:45:00,0.92,0.129
05/14/2021 08:50:00,0.90,0.128
05/14/2021 08:55:00,0.90,0.128
05/14/2021 09:00:00,0.90,0.128
05/14/2021 09:05:00,0.90,0.128
05/14/2021 09:10:00,0.92,0.129
05/14/2021 09:15:00,0.90,0.128
05/14/2021 09:20:00,0.93,0.130
05/14/2021 09:25:00,0.94,0.130
05/14/2021 09:30:00,0.94,0.130
05/14/2021 09:35:00,0.92,0.129
05/14/2021 09:40:00,0.93,0.130
05/14/2021 09:45:00,0.91,0.129
05/14/2021 09:50:00,0.90,0.128
05/14/2021 09:55:00,0.92,0.129
05/14/2021 10:00:00,0.92,0.129
05/14/2021 10:05:00,0.94,0.130
05/14/2021 10:10:00,0.90,0.128
05/14/2021 10:15:00,0.92,0.129
05/14/2021 10:20:00,0.89,0.128
05/14/2021 10:25:00,0.89,0.128
05/14/2021 10:30:00,0.89,0.128
05/14/2021 10:35:00,0.85,0.126
05/14/2021 10:40:00,0.90,0.128
05/14/2021 10:45:00,0.87,0.127
05/14/2021 10:50:00,0.87,0.127
05/14/2021 10:55:00,0.89,0.128
05/14/2021 11:00:00,0.88,0.127
05/14/2021 11:05:00,0.85,0.126
05/14/2021 11:10:00,0.85,0.126
05/14/2021 11:15:00,0.83,0.125
05/14/2021 11:20:00,0.80,0.123
05/14/2021 11:25:00,0.78,0.122
05/14/2021 11:30:00,0.79,0.123
05/14/2021 11:35:00,0.78,0.122
05/14/2021 11:40:00,0.81,0.124
05/14/2021 11:45:00,0.76,0.121
05/14/2021 11:50:00,0.75,0.121
05/14/2021 11:55:00,0.77,0.122
05/14/2021 12:00:00,0.75,0.121
05/14/2021 12:05:00,0.74,0.120
05/14/2021 12:10:00,0.76,0.121
05/14/2021 12:15:00,0.73,0.120
05/14/2021 12:20:00,0.74,0.120
05/14/2021 12:25:00,0.73,0.120
05/14/2021 12:30:00,0.69,0.118
05/14/2021 12:35:00,0.68,0.117
05/14/2021 12:40:00,0.68,0.117
05/14/2021 12:45:00,0.69,0.118
05/14/2021 12:50:00,0.68,0.117
05/14/2021 12:55:00,0.68,0.117
05/14/2021 13:00:00,0.69,0.118
05/14/2021 13:05:00,0.66,0.116
05/14/2021 13:10:00,0.70,0.118
05/14/2021 13:15:00,0.69,0.118
05/14/2021 13:20:00,0.68,0.117
05/14/2021 13:25:00,0.67,0.117
05/14/2021 13:30:00,0.66,0.116
05/14/2021 13:35:00,0.66,0.116
05/14/2021 13:40:00,0.64,0.115
05/14/2021 13:45:00,0.66,0.116
05/14/2021 13:50:00,0.62,0.114
05/14/2021 13:55:00,0.63,0.115
05/14/2021 14:00:00,0.66,0.116
05/14/2021 14:05:00,0.63,0.115
05/14/2021 14:10:00,0.63,0.115
05/14/2021 14:15:00,0.65,0.116
05/14/2021 14:20:00,0.63,0.115
05/14/2021 14:25:00,0.62,0.114
05/14/2021 14:30:00,0.63,0.115
05/14/2021 14:35:00,0.61,0.114
05/14/2021 14:40:00,0.64,0.115
05/14/2021 14:45:00,0.63,0.115
05/14/2021 14:50:00,0.60,0.113
05/14/2021 14:55:00,0.63,0.115
05/14/2021 15:00:00,0.60,0.113
05/14/2021 15:05:00,0.63,0.115
05/14/2021 15:10:00,0.61,0.114
05/14/2021 15:15:00,0.58,0.112
05/14/2021 15:20:00,0.61,0.114
05/14/2021 15:25:00,0.59,0.113
05/14/2021 15:30:00,0.57,0.112
05/14/2021 15:35:00,0.61,0.114
05/14/2021 15:40:00,0.55,0.111
05/14/2021 15:45:00,0.58,0.112
05/14/2021 15:50:00,0.55,0.111
05/14/2021 15:55:00,0.57,0.112
05/14/2021 16:00:00,0.57,0.112
05/14/2021 16:05:00,0.57,0.112
05/14/2021 16:10:00,0.58,0.112
05/14/2021 16:15:00,0.57,0.112
05/14/2021 16:20:00,0.56,0.111
05/14/2021 16:25:00,0.56,0.111
05/14/2021 16:30:00,0.56,0.111
05/14/2021 16:35:00,0.58,0.112
05/14/2021 16:40:00,0.58,0.112
05/14/2021 16:45:00,0.58,0.112
05/14/2021 16:50:00,0.58,0.112
05/14/2021 16:55:00,0.58,0.112
05/14/2021 17:00:00,0.57,0.112
05/14/2021 17:05:00,0.58,0.112
05/14/2021 17:10:00,0.58,0.112
05/14/2021 17:15:00,0.60,0.113
05/14/2021 17:20:00,0.60,0.113
05/14/2021 17:25:00,0.57,0.112
05/14/2021 17:30:00,0.57,0.112
05/14/2021 17:35:00,0.57,0.112
05/14/2021 17:40:00,0.55,0.111
05/14/2021 17:45:00,0.55,0.111
05/14/2021 17:50:00,0.59,0.113
05/14/2021 17:55:00,0.58,0.112
05/14/2021 18:00:00,0.57,0.112
05/14/2021 18:05:00,0.56,0.111
05/14/2021 18:10:00,0.55,0.111
05/14/2021 18:15:00,0.55,0.111
05/14/2021 18:20:00,0.55,0.111
05/14/2021 18:25:00,0.55,0.111
05/14/2021 18:30:00,0.57,0.112
05/14/2021 18:35:00,0.57,0.112
05/14/2021 18:40:00,0.57,0.112
05/14/2021 18:45:00,0.55,0.111
05/14/2021 18:50:00,0.57,0.112
05/14/2021 18:55:00,0.57,0.112
05/14/2021 19:00:00,0.57,0.112
05/14/2021 19:05:00,0.57,0.112
05/14/2021 19:10:00,0.59,0.113
05/14/2021 19:15:00,0.60,0.113
05/14/2021 19:20:00,0.60,0.113
05/14/2021 19:25:00,0.58,0.112
05/14/2021 19:30:00,0.52,0.110
05/14/2021 19:35:00,0.54,0.111
05/14/2021 19:40:00,0.54,0.111
05/14/2021 19:45:00,0.54,0.111
05/14/2021 19:50:00,0.53,0.110
05/14/2021 19:55:00,0.51,0.109
05/14/2021 20:00:00,0.54,0.111
05/14/2021 20:05:00,0.53,0.110
05/14/2021 20:10:00,0.53,0.110
05/14/2021 20:15:00,0.54,0.111
05/14/2021 20:20:00,0.56,0.111
05/14/2021 20:25:00,0.53,0.110
05/14/2021 20:30:00,0.53,0.110
05/14/2021 20:35:00,0.53,0.110
05/14/2021 20:40:00,0.52,0.110
05/14/2021 20:45:00,0.57,0.112
05/14/2021 20:50:00,0.55,0.111
05/14/2021 20:55:00,0.54,0.111
05/14/2021 21:00:00,0.53,0.110
05/14/2021 21:05:00,0.53,0.110
05/14/2021 21:10:00,0.55,0.111
05/14/2021 21:15:00,0.52,0.110
05/14/2021 21:20:00,0.52,0.110
05/14/2021 21:25:00,0.54,0.111
05/14/2021 21:30:00,0.54,0.111
05/14/2021 21:35:00,0.55,0.111
05/14/2021 21:40:00,0.57,0.112
05/14/2021 21:45:00,0.57,0.112
05/14/2021 21:50:00,0.55,0.111
05/14/2021 21:55:00,0.54,0.111
05/14/2021 22:00:00,0.56,0.111
05/14/2021 22:05:00,0.57,0.112
05/14/2021 22:10:00,0.58,0.112
05/14/2021 22:15:00,0.54,0.111
05/14/2021 22:20:00,0.56,0.111
05/14/2021 22:25:00,0.57,0.112
05/14/2021 22:30:00,0.57,0.112
05/14/2021 22:35:00,0.58,0.112
05/14/2021 22:40:00,0.61,0.114
05/14/2021 22:45:00,0.59,0.113
05/14/2021 22:50:00,0.58,0.112
05/14/2021 22:55:00,0.60,0.113
05/14/2021 23:00:00,0.61,0.114
05/14/2021 23:05:00,0.60,0.113
05/14/2021 23:10:00,0.60,0.113
05/14/2021 23:15:00,0.64,0.115
05/14/2021 23:20:00,0.57,0.112
05/14/2021 23:25:00,0.61,0.114
05/14/2021 23:30:00,0.64,0.115
05/14/2021 23:35:00,0.62,0.114
05/14/2021 23:40:00,0.61,0.114
05/14/2021 23:45:00,0.63,0.115
05/14/2021 23:50:00,0.64,0.115
05/14/2021 23:55:00,0.66,0.116
05/15/2021 00:00:00,0.64,0.115
05/15/2021 00:05:00,0.62,0.114
05/15/2021 00:10:00,0.64,0.115
05/15/2021 00:15:00,0.63,0.115
05/15/2021 00:20:00,0.65,0.116
05/15/2021 00:25:00,0.64,0.115
05/15/2021 00:30:00,0.64,0.115
05/15/2021 00:35:00,0.64,0.115
05/15/2021 00:40:00,0.67,0.117
05/15/2021 00:45:00,0.66,0.116
05/15/2021 00:50:00,0.68,0.117
05/15/2021 00:55:00,0.68,0.117
05/15/2021 01:00:00,0.64,0.115
05/15/2021 01:05:00,0.68,0.117
05/15/2021 01:10:00,0.64,0.115
05/15/2021 01:15:00,0.63,0.115
05/15/2021 01:20:00,0.60,0.113
05/15/2021 01:25:00,0.66,0.116
05/15/2021 01:30:00,0.65,0.116
05/15/2021 01:35:00,0.67,0.117
05/15/2021 01:40:00,0.68,0.117
05/15/2021 01:45:00,0.68,0.117
05/15/2021 01:50:00,0.69,0.118
05/15/2021 01:55:00,0.66,0.116
05/15/2021 02:00:00,0.68,0.117
05/15/2021 02:05:00,0.68,0.117
05/15/2021 02:10:00,0.66,0.116
05/15/2021 02:15:00,0.64,0.115
05/15/2021 02:20:00,0.68,0.117
05/15/2021 02:25:00,0.67,0.117
05/15/2021 02:30:00,0.67,0.117
05/15/2021 02:35:00,0.65,0.116
05/15/2021 02:40:00,0.65,0.116
05/15/2021 02:45:00,0.64,0.115
05/15/2021 02:50:00,0.65,0.116
05/15/2021 02:55:00,0.64,0.115
05/15/2021 03:00:00,0.68,0.117
05/15/2021 03:05:00,0.68,0.117
05/15/2021 03:10:00,0.65,0.116
05/15/2021 03:15:00,0.68,0.117
05/15/2021 03:20:00,0.69,0.118
05/15/2021 03:25:00,0.68,0.117
05/15/2021 03:30:00,0.68,0.117
05/15/2021 03:35:00,0.70,0.118
05/15/2021 03:40:00,0.68,0.117
05/15/2021 03:45:00,0.69,0.118
05/15/2021 03:50:00,0.68,0.117
05/15/2021 03:55:00,0.69,0.118
05/15/2021 04:00:00,0.69,0.118
05/15/2021 04:05:00,0.69,0.118
05/15/2021 04:10:00,0.69,0.118
05/15/2021 04:15:00,0.71,0.119
05/15/2021 04:20:00,0.69,0.118
05/15/2021 04:25:00,0.67,0.117
05/15/2021 04:30:00,0.68,0.117
05/15/2021 04:35:00,0.69,0.118
05/15/2021 04:40:00,0.71,0.119
05/15/2021 04:45:00,0.72,0.119
05/15/2021 04:50:00,0.69,0.118
05/15/2021 04:55:00,0.70,0.118
05/15/2021 05:00:00,0.68,0.117
05/15/2021 05:05:00,0.66,0.116
05/15/2021 05:10:00,0.67,0.117
05/15/2021 05:15:00,0.70,0.118
05/15/2021 05:20:00,0.71,0.119
05/15/2021 05:25:00,0.68,0.117
05/15/2021 05:30:00,0.69,0.118
05/15/2021 05:35:00,0.65,0.116
05/15/2021 05:40:00,0.67,0.117
05/15/2021 05:45:00,0.65,0.116
05/15/2021 05:50:00,0.68,0.117
05/15/2021 05:55:00,0.63,0.115
05/15/2021 06:00:00,0.66,0.116
05/15/2021 06:05:00,0.65,0.116
05/15/2021 06:10:00,0.61,0.114
05/15/2021 06:15:00,0.65,0.116
05/15/2021 06:20:00,0.63,0.115
05/15/2021 06:25:00,0.61,0.114
05/15/2021 06:30:00,0.64,0.115
05/15/2021 06:35:00,0.64,0.115
05/15/2021 06:40:00,0.64,0.115
05/15/2021 06:45:00,0.64,0.115
05/15/2021 06:50:00,0.63,0.115
05/15/2021 06:55:00,0.62,0.114
05/15/2021 07:00:00,0.66,0.116
05/15/2021 07:05:00,0.65,0.116
05/15/2021 07:10:00,0.61,0.114
05/15/2021 07:15:00,0.66,0.116
05/15/2021 07:20:00,0.62,0.114
05/15/2021 07:25:00,0.63,0.115
05/15/2021 07:30:00,0.63,0.115
05/15/2021 07:35:00,0.59,0.113
05/15/2021 07:40:00,0.61,0.114
05/15/2021 07:45:00,0.60,0.113
05/15/2021 07:50:00,0.59,0.113
05/15/2021 07:55:00,0.60,0.113
05/15/2021 08:00:00,0.61,0.114
05/15/2021 08:05:00,0.60,0.113
05/15/2021 08:10:00,0.60,0.113
05/15/2021 08:15:00,0.61,0.114
05/15/2021 08:20:00,0.60,0.113
05/15/2021 08:25:00,0.61,0.114
05/15/2021 08:30:00,0.63,0.115
05/15/2021 08:35:00,0.61,0.114
05/15/2021 08:40:00,0.57,0.112
05/15/2021 08:45:00,0.57,0.112
05/15/2021 08:50:00,0.54,0.111
05/15/2021 08:55:00,0.57,0.112
05/15/2021 09:00:00,0.53,0.110
05/15/2021 09:05:00,0.57,0.112
05/15/2021 09:10:00,0.57,0.112
05/15/2021 09:15:00,0.49,0.108
05/15/2021 09:20:00,0.53,0.110
05/15/2021 09:25:00,0.52,0.110
05/15/2021 09:30:00,0.51,0.109
05/15/2021 09:35:00,0.48,0.108
05/15/2021 09:40:00,0.51,0.109
05/15/2021 09:45:00,0.49,0.108
05/15/2021 09:50:00,0.49,0.108
05/15/2021 09:55:00,0.49,0.108
05/15/2021 10:00:00,0.49,0.108
05/15/2021 10:05:00,0.48,0.108
05/15/2021 10:10:00,0.44,0.106
05/15/2021 10:15:00,0.45,0.106
05/15/2021 10:20:00,0.46,0.107
05/15/2021 10:25:00,0.45,0.106
05/15/2021 10:30:00,0.40,0.104
05/15/2021 10:35:00,0.40,0.104
05/15/2021 10:40:00,0.40,0.104
05/15/2021 10:45:00,0.38,0.103
05/15/2021 10:50:00,0.37,0.102
05/15/2021 10:55:00,0.37,0.102
05/15/2021 11:00:00,0.35,0.101
05/15/2021 11:05:00,0.37,0.102
05/15/2021 11:10:00,0.33,0.100
05/15/2021 11:15:00,0.33,0.100
05/15/2021 11:20:00,0.32,0.100
05/15/2021 11:25:00,0.30,0.099
05/15/2021 11:30:00,0.26,0.097
05/15/2021 11:35:00,0.29,0.098
05/15/2021 11:40:00,0.29,0.098
05/15/2021 11:45:00,0.28,0.098
05/15/2021 11:50:00,0.23,0.095
05/15/2021 11:55:00,0.23,0.095
05/15/2021 12:00:00,0.19,0.093
05/15/2021 12:05:00,0.20,0.094
05/15/2021 12:10:00,0.14,0.091
05/15/2021 12:15:00,0.14,0.091
05/15/2021 12:20:00,0.12,0.090
05/15/2021 12:25:00,0.07,0.062
05/15/2021 12:30:00,0.05,0.045
05/15/2021 12:35:00,0.00,0.000
05/15/2021 12:40:00,-0.06,0.000
05/15/2021 12:45:00,-0.08,0.000
05/15/2021 12:50:00,-0.12,0.000
05/15/2021 12:55:00,-0.17,0.000
05/15/2021 13:00:00,-0.20,0.000
05/15/2021 13:05:00,-0.25,0.000
05/15/2021 13:10:00,-0.30,0.000
05/15/2021 13:15:00,-0.34,0.000
05/15/2021 13:20:00,-0.32,0.000
05/15/2021 13:25:00,-0.39,0.000
05/15/2021 13:30:00,-0.43,0.000
05/15/2021 13:35:00,-0.45,0.000
05/15/2021 13:40:00,-0.46,0.000
05/15/2021 13:45:00,-0.48,0.000
05/15/2021 13:50:00,-0.50,0.000
05/15/2021 13:55:00,-0.56,0.000
05/15/2021 14:00:00,-0.57,0.000
05/15/2021 14:05:00,-0.57,0.000
05/15/2021 14:10:00,-0.58,0.000
05/15/2021 14:15:00,-0.63,0.000
05/15/2021 14:20:00,-0.62,0.000
05/15/2021 14:25:00,-0.64,0.000
05/15/2021 14:30:00,-0.68,0.000
05/15/2021 14:35:00,-0.72,0.000
05/15/2021 14:40:00,-0.71,0.000
05/15/2021 14:45:00,-0.69,0.000
05/15/2021 14:50:00,-0.70,0.000
05/15/2021 14:55:00,-0.73,0.000
05/15/2021 15:00:00,-0.75,0.000
05/15/2021 15:05:00,-0.72,0.000
05/15/2021 15:10:00,-0.73,0.000
05/15/2021 15:15:00,-0.76,0.000
05/15/2021 15:20:00,-0.77,0.000
05/15/2021 15:25:00,-0.78,0.000
05/15/2021 15:30:00,-0.79,0.000
05/15/2021 15:35:00,-0.80,0.000
05/15/2021 15:40:00,-0.81,0.000
05/15/2021 15:45:00,-0.79,0.000
05/15/2021 15:50:00,-0.82,0.000
05/15/2021 15:55:00,-0.83,0.000
05/15/2021 16:00:00,-0.86,0.000
05/15/2021 16:05:00,-0.85,0.000
05/15/2021 16:10:00,-0.87,0.000
05/15/2021 16:15:00,-0.89,0.000
05/15/2021 16:20:00,-0.87,0.000
05/15/2021 16:25:00,-0.88,0.000
05/15/2021 16:30:00,-0.90,0.000
05/15/2021 16:35:00,-0.92,0.000
05/15/2021 16:40:00,-0.93,0.000
05/15/2021 16:45:00,-0.96,0.000
05/15/2021 16:50:00,-0.93,0.000
05/15/2021 16:55:00,-0.95,0.000
05/15/2021 17:00:00,-0.94,0.000
05/15/2021 17:05:00,-0.95,0.000
05/15/2021 17:10:00,-0.95,0.000
05/15/2021 17:15:00,-0.96,0.000
05/15/2021 17:20:00,-1.00,0.000
05/15/2021 17:25:00,-0.98,0.000
05/15/2021 17:30:00,-0.95,0.000
05/15/2021 17:35:00,-1.01,0.000
05/15/2021 17:40:00,-0.99,0.000
05/15/2021 17:45:00,-1.00,0.000
05/15/2021 17:50:00,-1.02,0.000
05/15/2021 17:55:00,-1.01,0.000
05/15/2021 18:00:00,-1.01,0.000
05/15/2021 18:05:00,-1.05,0.000
05/15/2021 18:10:00,-1.09,0.000
05/15/2021 18:15:00,-1.07,0.000
05/15/2021 18:20:00,-1.09,0.000
05/15/2021 18:25:00,-1.06,0.000
05/15/2021 18:30:00,-1.08,0.000
05/15/2021 18:35:00,-1.10,0.000
05/15/2021 18:40:00,-1.10,0.000
05/15/2021 18:45:00,-1.06,0.000
05/15/2021 18:50:00,-1.08,0.000
05/15/2021 18:55:00,-1.11,0.000
05/15/2021 19:00:00,-1.10,0.000
05/15/2021 19:05:00,-1.13,0.000
05/15/2021 19:10:00,-1.12,0.000
05/15/2021 19:15:00,-1.10,0.000
05/15/2021 19:20:00,-1.10,0.000
05/15/2021 19:25:00,-1.12,0.000
05/15/2021 19:30:00,-1.12,0.000
05/15/2021 19:35:00,-1.13,0.000
05/15/2021 19:40:00,-1.11,0.000
05/15/2021 19:45:00,-1.15,0.000
05/15/2021 19:50:00,-1.15,0.000
05/15/2021 19:55:00,-1.15,0.000
05/15/2021 20:00:00,-1.17,0.000
05/15/2021 20:05:00,-1.20,0.000
05/15/2021 20:10:00,-1.18,0.000
05/15/2021 20:15:00,-1.19,0.000
05/15/2021 20:20:00,-1.18,0.000
05/15/2021 20:25:00,-1.21,0.000
05/15/2021 20:30:00,-1.19,0.000
05/15/2021 20:35:00,-1.22,0.000
05/15/2021 20:40:00,-1.22,0.000
05/15/2021 20:45:00,-1.21,0.000
05/15/2021 20:50:00,-1.19,0.000
05/15/2021 20:55:00,-1.21,0.000
05/15/2021 21:00:00,-1.22,0.000
05/15/2021 21:05:00,-1.24,0.000
05/15/2021 21:10:00,-1.24,0.000
05/15/2021 21:15:00,-1.24,0.000
05/15/2021 21:20:00,-1.27,0.000
05/15/2021 21:25:00,-1.25,0.000
05/15/2021 21:30:00,-1.27,0.000
05/15/2021 21:35:00,-1.30,0.000
05/15/2021 21:40:00,-1.27,0.000
05/15/2021 21:45:00,-1.26,0.000
05/15/2021 21:50:00,-1.27,0.000
05/15/2021 21:55:00,-1.27,0.000
05/15/2021 22:00:00,-1.28,0.000
05/15/2021 22:05:00,-1.30,0.000
05/15/2021 22:10:00,-1.26,0.000
05/15/2021 22:15:00,-1.30,0.000
05/15/2021 22:20:00,-1.29,0.000
05/15/2021 22:25:00,-1.28,0.000
05/15/2021 22:30:00,-1.30,0.000
05/15/2021 22:35:00,-1.30,0.000
05/15/2021 22:40:00,-1.30,0.000
05/15/2021 22:45:00,-1.32,0.000
05/15/2021 22:50:00,-1.33,0.000
05/15/2021 22:55:00,-1.34,0.000
05/15/2021 23:00:00,-1.34,0.000
05/15/2021 23:05:00,-1.36,0.000
05/15/2021 23:10:00,-1.33,0.000
05/15/2021 23:15:00,-1.38,0.000
05/15/2021 23:20:00,-1.35,0.000
05/15/2021 23:25:00,-1.35,0.000
05/15/2021 23:30:00,-1.32,0.000
05/15/2021 23:35:00,-1.36,0.000
05/15/2021 23:40:00,-1.37,0.000
05/15/2021 23:45:00,-1.37,0.000
05/15/2021 23:50:00,-1.36,0.000
05/15/2021 23:55:00,-1.39,0.000
05/16/2021 00:00:00,-1.38,0.000
05/16/2021 00:05:00,-1.40,0.000
05/16/2021 00:10:00,-1.41,0.000
05/16/2021 00:15:00,-1.38,0.000
05/16/2021 00:20:00,-1.36,0.000
05/16/2021 00:25:00,-1.47,0.000
05/16/2021 00:30:00,-1.44,0.000
05/16/2021 00:35:00,-1.44,0.000
05/16/2021 00:40:00,-1.45,0.000
05/16/2021 00:45:00,-1.50,0.000
05/16/2021 00:50:00,-1.46,0.000
05/16/2021 00:55:00,-1.48,0.000
05/16/2021 01:00:00,-1.45,0.000
05/16/2021 01:05:00,-1.48,0.000
05/16/2021 01:10:00,-1.47,0.000
05/16/2021 01:15:00,-1.47,0.000
05/16/2021 01:20:00,-1.44,0.000
05/16/2021 01:25:00,-1.46,0.000
05/16/2021 01:30:00,-1.44,0.000
05/16/2021 01:35:00,-1.47,0.000
05/16/2021 01:40:00,-1.45,0.000
05/16/2021 01:45:00,-1.47,0.000
05/16/2021 01:50:00,-1.53,0.000
05/16/2021 01:55:00,-1.48,0.000
05/16/2021 02:00:00,-1.47,0.000
05/16/2021 02:05:00,-1.46,0.000
05/16/2021 02:10:00,-1.49,0.000
05/16/2021 02:15:00,-1.50,0.000
05/16/2021 02:20:00,-1.50,0.000
05/16/2021 02:25:00,-1.50,0.000
05/16/2021 02:30:00,-1.49,0.000
05/16/2021 02:35:00,-1.48,0.000
05/16/2021 02:40:00,-1.47,0.000
05/16/2021 02:45:00,-1.50,0.000
05/16/2021 02:50:00,-1.53,0.000
05/16/2021 02:55:00,-1.48,0.000
05/16/2021 03:00:00,-1.47,0.000
05/16/2021 03:05:00,-1.50,0.000
05/16/2021 03:10:00,-1.51,0.000
05/16/2021 03:15:00,-1.53,0.000
05/16/2021 03:20:00,-1.53,0.000
05/16/2021 03:25:00,-1.53,0.000
05/16/2021 03:30:00,-1.55,0.000
05/16/2021 03:35:00,-1.56,0.000
05/16/2021 03:40:00,-1.56,0.000
05/16/2021 03:45:00,-1.53,0.000
05/16/2021 03:50:00,-1.55,0.000
05/16/2021 03:55:00,-1.55,0.000
05/16/2021 04:00:00,-1.52,0.000
05/16/2021 04:05:00,-1.55,0.000
05/16/2021 04:10:00,-1.51,0.000
05/16/2021 04:15:00,-1.51,0.000
05/16/2021 04:20:00,-1.53,0.000
05/16/2021 04:25:00,-1.55,0.000
05/16/2021 04:30:00,-1.56,0.000
05/16/2021 04:35:00,-1.58,0.000
05/16/2021 04:40:00,-1.55,0.000
05/16/2021 04:45:00,-1.55,0.000
05/16/2021 04:50:00,-1.57,0.000
05/16/2021 04:55:00,-1.56,0.000
05/16/2021 05:00:00,-1.58,0.000
05/16/2021 05:05:00,-1.55,0.000
05/16/2021 05:10:00,-1.57,0.000
05/16/2021 05:15:00,-1.53,0.000
05/16/2021 05:20:00,-1.58,0.000
05/16/2021 05:25:00,-1.55,0.000
05/16/2021 05:30:00,-1.56,0.000
05/16/2021 05:35:00,-1.56,0.000
05/16/2021 05:40:00,-1.58,0.000
05/16/2021 05:45:00,-1.60,0.000
05/16/2021 05:50:00,-1.65,0.000
05/16/2021 05:55:00,-1.64,0.000
05/16/2021 06:00:00,-1.62,0.000
05/16/2021 06:05:00,-1.65,0.000
05/16/2021 06:10:00,-1.65,0.000
05/16/2021 06:15:00,-1.65,0.000
05/16/2021 06:20:00,-1.67,0.000
05/16/2021 06:25:00,-1.67,0.000
05/16/2021 06:30:00,-1.67,0.000
05/16/2021 06:35:00,-1.68,0.000
05/16/2021 06:40:00,-1.68,0.000
05/16/2021 06:45:00,-1.68,0.000
05/16/2021 06:50:00,-1.65,0.000
05/16/2021 06:55:00,-1.65,0.000
05/16/2021 07:00:00,-1.63,0.000
05/16/2021 07:05:00,-1.61,0.000
05/16/2021 07:10:00,-1.60,0.000
05/16/2021 07:15:00,-1.60,0.000
05/16/2021 07:20:00,-1.62,0.000
05/16/2021 07:25:00,-1.65,0.000
05/16/2021 07:30:00,-1.67,0.000
05/16/2021 07:35:00,-1.64,0.000
05/16/2021 07:40:00,-1.67,0.000
05/16/2021 07:45:00,-1.65,0.000
05/16/2021 07:50:00,-1.71,0.000
05/16/2021 07:55:00,-1.71,0.000
05/16/2021 08:00:00,-1.71,0.000
05/16/2021 08:05:00,-1.71,0.000
05/16/2021 08:10:00,-1.73,0.000
05/16/2021 08:15:00,-1.71,0.000
05/16/2021 08:20:00,-1.78,0.000
05/16/2021 08:25:00,-1.75,0.000
05/16/2021 08:30:00,-1.74,0.000
05/16/2021 08:35:00,-1.74,0.000
05/16/2021 08:40:00,-1.76,0.000
05/16/2021 08:45:00,-1.74,0.000
05/16/2021 08:50:00,-1.75,0.000
05/16/2021 08:55:00,-1.77,0.000
05/16/2021 09:00:00,-1.81,0.000
05/16/2021 09:05:00,-1.80,0.000
05/16/2021 09:10:00,-1.82,0.000
05/16/2021 09:15:00,-1.82,0.000
05/16/2021 09:20:00,-1.79,0.000
05/16/2021 09:25:00,-1.82,0.000
05/16/2021 09:30:00,-1.82,0.000
05/16/2021 09:35:00,-1.84,0.000
05/16/2021 09:40:00,-1.86,0.000
05/16/2021 09:45:00,-1.61,0.000
05/16/2021 09:50:00,-1.56,0.000
05/16/2021 09:55:00,-1.60,0.000
05/16/2021 10:00:00,-1.68,0.000
05/16/2021 10:05:00,-1.72,0.000
05/16/2021 10:10:00,-1.76,0.000
05/16/2021 10:15:00,-1.78,0.000
05/16/2021 10:20:00,-1.79,0.000
05/16/2021 10:25:00,-1.76,0.000
05/16/2021 10:30:00,-1.77,0.000
05/16/2021 10:35:00,-1.77,0.000
05/16/2021 10:40:00,-1.74,0.000
05/16/2021 10:45:00,-1.74,0.000
05/16/2021 10:50:00,-1.77,0.000
05/16/2021 10:55:00,-1.81,0.000
05/16/2021 11:00:00,-1.71,0.000
05/16/2021 11:05:00,-1.71,0.000
05/16/2021 11:10:00,-1.65,0.000
05/16/2021 11:15:00,-1.67,0.000
05/16/2021 11:20:00,-1.67,0.000
05/16/2021 11:25:00,-1.71,0.000
05/16/2021 11:30:00,-1.71,0.000
05/16/2021 11:35:00,-1.75,0.000
05/16/2021 11:40:00,-1.77,0.000
05/16/2021 11:45:00,-1.80,0.000
05/16/2021 11:50:00,-1.80,0.000
05/16/2021 11:55:00,-1.79,0.000
05/16/2021 12:00:00,-1.79,0.000
05/16/2021 12:05:00,-1.80,0.000
05/16/2021 12:10:00,-1.82,0.000
05/16/2021 12:15:00,-1.82,0.000
05/16/2021 12:20:00,-1.84,0.000
05/16/2021 12:25:00,-1.85,0.000
05/16/2021 12:30:00,-1.83,0.000
05/16/2021 12:35:00,-1.85,0.000
05/16/2021 12:40:00,-1.87,0.000
05/16/2021 12:45:00,-1.87,0.000
05/16/2021 12:50:00,-1.89,0.000
05/16/2021 12:55:00,-1.87,0.000
05/16/2021 13:00:00,-1.90,0.000
05/16/2021 13:05:00,-1.91,0.000
05/16/2021 13:10:00,-1.89,0.000
05/16/2021 13:15:00,-1.90,0.000
05/16/2021 13:20:00,-1.88,0.000
05/16/2021 13:25:00,-1.94,0.000
05/16/2021 13:30:00,-1.93,0.000
05/16/2021 13:35:00,-1.95,0.000
05/16/2021 13:40:00,-1.96,0.000
05/16/2021 13:45:00,-1.94,0.000
05/16/2021 13:50:00,-1.98,0.000
05/16/2021 13:55:00,-1.99,0.000
05/16/2021 14:00:00,-1.97,0.000
05/16/2021 14:05:00,-1.98,0.000
05/16/2021 14:10:00,-1.98,0.000
05/16/2021 14:15:00,-2.01,0.000
05/16/2021 14:20:00,-2.02,0.000
05/16/2021 14:25:00,-2.02,0.000
05/16/2021 14:30:00,-2.03,0.000
05/16/2021 14:35:00,-2.02,0.000
05/16/2021 14:40:00,-2.04,0.000
05/16/2021 14:45:00,-2.06,0.000
05/16/2021 14:50:00,-2.04,0.000
05/16/2021 14:55:00,-2.06,0.000
05/16/2021 15:00:00,-2.05,0.000
05/16/2021 15:05:00,-2.07,0.000
05/16/2021 15:10:00,-2.06,0.000
05/16/2021 15:15:00,-2.10,0.000
05/16/2021 15:20:00,-2.13,0.000
05/16/2021 15:25:00,-2.07,0.000
05/16/2021 15:30:00,-2.12,0.000
05/16/2021 15:35:00,-2.14,0.000
05/16/2021 15:40:00,-2.12,0.000
05/16/2021 15:45:00,-2.16,0.000
05/16/2021 15:50:00,-2.16,0.000
05/16/2021 15:55:00,-2.13,0.000
05/16/2021 16:00:00,-2.17,0.000
05/16/2021 16:05:00,-2.14,0.000
05/16/2021 16:10:00,-2.17,0.000
05/16/2021 16:15:00,-2.17,0.000
05/16/2021 16:20:00,-2.17,0.000
05/16/2021 16:25:00,-2.19,0.000
05/16/2021 16:30:00,-2.24,0.000
05/16/2021 16:35:00,-2.27,0.000
05/16/2021 16:40:00,-2.22,0.000
05/16/2021 16:45:00,-2.28,0.000
05/16/2021 16:50:00,-2.25,0.000
05/16/2021 16:55:00,-2.28,0.000
05/16/2021 17:00:00,-2.27,0.000
05/16/2021 17:05:00,-2.27,0.000
05/16/2021 17:10:00,-2.28,0.000
05/16/2021 17:15:00,-2.25,0.000
05/16/2021 17:20:00,-2.29,0.000
05/16/2021 17:25:00,-2.28,0.000
05/16/2021 17:30:00,-2.30,0.000
05/16/2021 17:35:00,-2.29,0.000
05/16/2021 17:40:00,-2.32,0.000
05/16/2021 17:45:00,-2.30,0.000
05/16/2021 17:50:00,-2.29,0.000
05/16/2021 17:55:00,-2.31,0.000
05/16/2021 18:00:00,-2.31,0.000
05/16/2021 18:05:00,-2.33,0.000
05/16/2021 18:10:00,-2.33,0.000
05/16/2021 18:15:00,-2.32,0.000
05/16/2021 18:20:00,-2.35,0.000
05/16/2021 18:25:00,-2.36,0.000
05/16/2021 18:30:00,-2.34,0.000
05/16/2021 18:35:00,-2.33,0.000
05/16/2021 18:40:00,-2.33,0.000
05/16/2021 18:45:00,-2.37,0.000
05/16/2021 18:50:00,-2.36,0.000
05/16/2021 18:55:00,-2.36,0.000
05/16/2021 19:00:00,-2.36,0.000
05/16/2021 19:05:00,-2.38,0.000
05/16/2021 19:10:00,-2.34,0.000
05/16/2021 19:15:00,-2.36,0.000
05/16/2021 19:20:00,-2.36,0.000
05/16/2021 19:25:00,-2.36,0.000
05/16/2021 19:30:00,-2.42,0.000
05/16/2021 19:35:00,-2.40,0.000
05/16/2021 19:40:00,-2.39,0.000
05/16/2021 19:45:00,-2.36,0.000
05/16/2021 19:50:00,-2.40,0.000
05/16/2021 19:55:00,-2.40,0.000
05/16/2021 20:00:00,-2.44,0.000
05/16/2021 20:05:00,-2.42,0.000
05/16/2021 20:10:00,-2.44,0.000
05/16/2021 20:15:00,-2.41,0.000
05/16/2021 20:20:00,-2.43,0.000
05/16/2021 20:25:00,-2.42,0.000
05/16/2021 20:30:00,-2.45,0.000
05/16/2021 20:35:00,-2.43,0.000
05/16/2021 20:40:00,-2.40,0.000
05/16/2021 20:45:00,-2.45,0.000
05/16/2021 20:50:00,-2.46,0.000
05/16/2021 20:55:00,-2.40,0.000
05/16/2021 21:00:00,-2.42,0.000
05/16/2021 21:05:00,-2.45,0.000
05/16/2021 21:10:00,-2.44,0.000
05/16/2021 21:15:00,-2.49,0.000
05/16/2021 21:20:00,-2.47,0.000
05/16/2021 21:25:00,-2.46,0.000
05/16/2021 21:30:00,-2.45,0.000
05/16/2021 21:35:00,-2.46,0.000
05/16/2021 21:40:00,-2.48,0.000
05/16/2021 21:45:00,-2.49,0.000
05/16/2021 21:50:00,-2.49,0.000
05/16/2021 21:55:00,-2.48,0.000
05/16/2021 22:00:00,-2.50,0.000
05/16/2021 22:05:00,-2.45,0.000
05/16/2021 22:10:00,-2.50,0.000
05/16/2021 22:15:00,-2.51,0.000
05/16/2021 22:20:00,-2.51,0.000
05/16/2021 22:25:00,-2.51,0.000
05/16/2021 22:30:00,-2.49,0.000
05/16/2021 22:35:00,-2.51,0.000
05/16/2021 22:40:00,-2.53,0.000
05/16/2021 22:45:00,-2.52,0.000
05/16/2021 22:50:00,-2.52,0.000
05/16/2021 22:55:00,-2.49,0.000
05/16/2021 23:00:00,-2.51,0.000
05/16/2021 23:05:00,-2.52,0.000
05/16/2021 23:10:00,-2.54,0.000
05/16/2021 23:15:00,-2.51,0.000
05/16/2021 23:20:00,-2.54,0.000
05/16/2021 23:25:00,-2.54,0.000
05/16/2021 23:30:00,-2.52,0.000
05/16/2021 23:35:00,-2.56,0.000
05/16/2021 23:40:00,-2.52,0.000
05/16/2021 23:45:00,-2.51,0.000
05/16/2021 23:50:00,-2.51,0.000
05/16/2021 23:55:00,-2.52,0.000
05/17/2021 00:00:00,-2.54,0.000
05/17/2021 00:05:00,-2.55,0.000
05/17/2021 00:10:00,-2.54,0.000
05/17/2021 00:15:00,-2.54,0.000
05/17/2021 00:20:00,-2.57,0.000
05/17/2021 00:25:00,-2.53,0.000
05/17/2021 00:30:00,-2.53,0.000
05/17/2021 00:35:00,-2.53,0.000
05/17/2021 00:40:00,-2.56,0.000
05/17/2021 00:45:00,-2.56,0.000
05/17/2021 00:50:00,-2.55,0.000
05/17/2021 00:55:00,-2.59,0.000
05/17/2021 01:00:00,-2.59,0.000
05/17/2021 01:05:00,-2.58,0.000
05/17/2021 01:10:00,-2.57,0.000
05/17/2021 01:15:00,-2.60,0.000
05/17/2021 01:20:00,-2.54,0.000
05/17/2021 01:25:00,-2.56,0.000
05/17/2021 01:30:00,-2.60,0.000
05/17/2021 01:35:00,-2.59,0.000
05/17/2021 01:40:00,-2.60,0.000
05/17/2021 01:45:00,-2.64,0.000
05/17/2021 01:50:00,-2.60,0.000
05/17/2021 01:55:00,-2.63,0.000
05/17/2021 02:00:00,-2.63,0.000
05/17/2021 02:05:00,-2.62,0.000
05/17/2021 02:10:00,-2.65,0.000
05/17/2021 02:15:00,-2.66,0.000
05/17/2021 02:20:00,-2.66,0.000
05/17/2021 02:25:00,-2.65,0.000
05/17/2021 02:30:00,-2.66,0.000
05/17/2021 02:35:00,-2.66,0.000
05/17/2021 02:40:00,-2.66,0.000
05/17/2021 02:45:00,-2.68,0.000
05/17/2021 02:50:00,-2.66,0.000
05/17/2021 02:55:00,-2.64,0.000
05/17/2021 03:00:00,-2.65,0.000
05/17/2021 03:05:00,-2.66,0.000
05/17/2021 03:10:00,-2.68,0.000
05/17/2021 03:15:00,-2.68,0.000
05/17/2021 03:20:00,-2.69,0.000
05/17/2021 03:25:00,-2.68,0.000
05/17/2021 03:30:00,-2.69,0.000
05/17/2021 03:35:00,-2.70,0.000
05/17/2021 03:40:00,-2.69,0.000
05/17/2021 03:45:00,-2.69,0.000
05/17/2021 03:50:00,-2.73,0.000
05/17/2021 03:55:00,-2.71,0.000
05/17/2021 04:00:00,-2.72,0.000
05/17/2021 04:05:00,-2.71,0.000
05/17/2021 04:10:00,-2.72,0.000
05/17/2021 04:15:00,-2.71,0.000
05/17/2021 04:20:00,-2.74,0.000
05/17/2021 04:25:00,-2.69,0.000
05/17/2021 04:30:00,-2.72,0.000
05/17/2021 04:35:00,-2.72,0.000
05/17/2021 04:40:00,-2.74,0.000
05/17/2021 04:45:00,-2.74,0.000
05/17/2021 04:50:00,-2.75,0.000
05/17/2021 04:55:00,-2.75,0.000
05/17/2021 05:00:00,-2.75,0.000
05/17/2021 05:05:00,-2.76,0.000
05/17/2021 05:10:00,-2.75,0.000
05/17/2021 05:15:00,-2.78,0.000
05/17/2021 05:20:00,-2.77,0.000
05/17/2021 05:25:00,-2.76,0.000
05/17/2021 05:30:00,-2.78,0.000
05/17/2021 05:35:00,-2.74,0.000
05/17/2021 05:40:00,-2.75,0.000
05/17/2021 05:45:00,-2.78,0.000
05/17/2021 05:50:00,-2.77,0.000
05/17/2021 05:55:00,-2.80,0.000
05/17/2021 06:00:00,-2.80,0.000
05/17/2021 06:05:00,-2.80,0.000
05/17/2021 06:10:00,-2.80,0.000
05/17/2021 06:15:00,-2.78,0.000
05/17/2021 06:20:00,-2.83,0.000
05/17/2021 06:25:00,-2.82,0.000
05/17/2021 06:30:00,-2.82,0.000
05/17/2021 06:35:00,-2.82,0.000
05/17/2021 06:40:00,-2.82,0.000
05/17/2021 06:45:00,-2.82,0.000
05/17/2021 06:50:00,-2.81,0.000
05/17/2021 06:55:00,-2.80,0.000
05/17/2021 07:00:00,-2.84,0.000
05/17/2021 07:05:00,-2.82,0.000
05/17/2021 07:10:00,-2.84,0.000
05/17/2021 07:15:00,-2.82,0.000
05/17/2021 07:20:00,-2.82,0.000
05/17/2021 07:25:00,-2.85,0.000
05/17/2021 07:30:00,-2.83,0.000
05/17/2021 07:35:00,-2.81,0.000
05/17/2021 07:40:00,-2.80,0.000
05/17/2021 07:45:00,-2.83,0.000
05/17/2021 07:50:00,-2.86,0.000
05/17/2021 07:55:00,-2.85,0.000
05/17/2021 08:00:00,-2.83,0.000
05/17/2021 08:05:00,-2.85,0.000
05/17/2021 08:10:00,-2.85,0.000
05/17/2021 08:15:00,-2.86,0.000
05/17/2021 08:20:00,-2.88,0.000
05/17/2021 08:25:00,-2.86,0.000
05/17/2021 08:30:00,-2.88,0.000
05/17/2021 08:35:00,-2.88,0.000
05/17/2021 08:40:00,-2.89,0.000
05/17/2021 08:45:00,-2.89,0.000
05/17/2021 08:50:00,-2.85,0.000
05/17/2021 08:55:00,-2.85,0.000
05/17/2021 09:00:00,-2.91,0.000
05/17/2021 09:05:00,-2.86,0.000
05/17/2021 09:10:00,-2.87,0.000
05/17/2021 09:15:00,-2.88,0.000
05/17/2021 09:20:00,-2.86,0.000
05/17/2021 09:25:00,-2.89,0.000
05/17/2021 09:30:00,-2.86,0.000
05/17/2021 09:35:00,-2.91,0.000
05/17/2021 09:40:00,-2.92,0.000
05/17/2021 09:45:00,-2.90,0.000
05/17/2021 09:50:00,-2.92,0.000
05/17/2021 09:55:00,-2.92,0.000
05/17/2021 10:00:00,-2.92,0.000
05/17/2021 10:05:00,-2.93,0.000
05/17/2021 10:10:00,-2.94,0.000
05/17/2021 10:15:00,-2.97,0.000
05/17/2021 10:20:00,-2.96,0.000
05/17/2021 10:25:00,-2.99,0.000
05/17/2021 10:30:00,-2.99,0.000
05/17/2021 10:35:00,-3.01,0.000
05/17/2021 10:40:00,-3.01,0.000
05/17/2021 10:45:00,-3.00,0.000
05/17/2021 10:50:00,-3.03,0.000
05/17/2021 10:55:00,-3.04,0.000
05/17/2021 11:00:00,-3.03,0.000
05/17/2021 11:05:00,-3.05,0.000
05/17/2021 11:10:00,-3.05,0.000
05/17/2021 11:15:00,-3.06,0.000
05/17/2021 11:20:00,-3.03,0.000
05/17/2021 11:25:00,-3.04,0.000
05/17/2021 11:30:00,-3.06,0.000
05/17/2021 11:35:00,-3.06,0.000
05/17/2021 11:40:00,-3.08,0.000
05/17/2021 11:45:00,-3.07,0.000
05/17/2021 11:50:00,-3.09,0.000
05/17/2021 11:55:00,-3.08,0.000
05/17/2021 12:00:00,-3.09,0.000
05/17/2021 12:05:00,-3.13,0.000
05/17/2021 12:10:00,-3.10,0.000
05/17/2021 12:15:00,-3.14,0.000
05/17/2021 12:20:00,-3.15,0.000
